StartDate,EndDate,Status,IPAddress,Progress,Duration (in seconds),Finished,RecordedDate,ResponseId,RecipientLastName,RecipientFirstName,RecipientEmail,ExternalReference,LocationLatitude,LocationLongitude,DistributionChannel,UserLanguage,Q_RecaptchaScore,bot_1_1,bot_1_time_First Click,bot_1_time_Last Click,bot_1_time_Page Submit,bot_1_time_Click Count,consent1,consent2,Prolific_ver,gender,gender_9_TEXT,nativeness,pre_time_First Click,pre_time_Last Click,pre_time_Page Submit,pre_time_Click Count,Task_Desc_time_First Click,Task_Desc_time_Last Click,Task_Desc_time_Page Submit,Task_Desc_time_Click Count,comp_assi_time_First Click,comp_assi_time_Last Click,comp_assi_time_Page Submit,comp_assi_time_Click Count,Q1026_First Click,Q1026_Last Click,Q1026_Page Submit,Q1026_Click Count,Training_C24_Q1_time_First Click,Training_C24_Q1_time_Last Click,Training_C24_Q1_time_Page Submit,Training_C24_Q1_time_Click Count,Training_C24_Q1_1,Training_C24_Q1_2,Training_C24_Q1_3,Training_C24_Q1_4,Training_C24_Q1_5,Training_C24_Q1_6,Training_C24_Q1_7,Training_C24_Q1_8,Training_C24_Q2_time_First Click,Training_C24_Q2_time_Last Click,Training_C24_Q2_time_Page Submit,Training_C24_Q2_time_Click Count,Training_C24_Q2_1,Training_C24_Q2_2,Training_C24_Q2_3,Training_C24_Q2_4,Training_C24_Q2_5,Training_C24_Q2_6,Training_C24_Q2_7,Training_C24_Q2_8,Training_C24_Q3_time_First Click,Training_C24_Q3_time_Last Click,Training_C24_Q3_time_Page Submit,Training_C24_Q3_time_Click Count,Training_C24_Q3_1,Training_C24_Q3_2,Training_C24_Q3_3,Training_C24_Q3_4,Training_C24_Q3_5,Training_C24_Q3_6,Training_C24_Q3_7,Training_C24_Q3_8,Training_C24_Q4_time_First Click,Training_C24_Q4_time_Last Click,Training_C24_Q4_time_Page Submit,Training_C24_Q4_time_Click Count,Training_C24_Q4_1,Training_C24_Q4_2,Training_C24_Q4_16,Training_C24_Q4_17,Training_C24_Q4_18,Training_C24_Q4_19,Training_C24_Q4_20,Training_C24_Q4_21,bot_1_2,bot_2_time_First Click,bot_2_time_Last Click,bot_2_time_Page Submit,bot_2_time_Click Count,game_intro_time_First Click,game_intro_time_Last Click,game_intro_time_Page Submit,game_intro_time_Click Count,Game_C24_Q1_time_First Click,Game_C24_Q1_time_Last Click,Game_C24_Q1_time_Page Submit,Game_C24_Q1_time_Click Count,Game_C24_Q1_1,Game_C24_Q1_2,Game_C24_Q1_3,Game_C24_Q1_4,Game_C24_Q1_5,Game_C24_Q1_6,Game_C24_Q1_7,Game_C24_Q1_8,Game_C24_Q2_time_First Click,Game_C24_Q2_time_Last Click,Game_C24_Q2_time_Page Submit,Game_C24_Q2_time_Click Count,Game_C24_Q2_1,Game_C24_Q2_2,Game_C24_Q2_3,Game_C24_Q2_4,Game_C24_Q2_5,Game_C24_Q2_6,Game_C24_Q2_7,Game_C24_Q2_8,Game_C24_Q3_time_First Click,Game_C24_Q3_time_Last Click,Game_C24_Q3_time_Page Submit,Game_C24_Q3_time_Click Count,Game_C24_Q3_1,Game_C24_Q3_2,Game_C24_Q3_3,Game_C24_Q3_4,Game_C24_Q3_5,Game_C24_Q3_6,Game_C24_Q3_7,Game_C24_Q3_8,Game_C24_Q4_time_First Click,Game_C24_Q4_time_Last Click,Game_C24_Q4_time_Page Submit,Game_C24_Q4_time_Click Count,Game_C24_Q4_1,Game_C24_Q4_2,Game_C24_Q4_3,Game_C24_Q4_4,Game_C24_Q4_5,Game_C24_Q4_6,Game_C24_Q4_7,Game_C24_Q4_8,Game_C24_Q5_time_First Click,Game_C24_Q5_time_Last Click,Game_C24_Q5_time_Page Submit,Game_C24_Q5_time_Click Count,Game_C24_Q5_1,Game_C24_Q5_2,Game_C24_Q5_3,Game_C24_Q5_4,Game_C24_Q5_5,Game_C24_Q5_6,Game_C24_Q5_7,Game_C24_Q5_8,Game_C24_Q6_time_First Click,Game_C24_Q6_time_Last Click,Game_C24_Q6_time_Page Submit,Game_C24_Q6_time_Click Count,Game_C24_Q6_1,Game_C24_Q6_2,Game_C24_Q6_3,Game_C24_Q6_4,Game_C24_Q6_5,Game_C24_Q6_6,Game_C24_Q6_7,Game_C24_Q6_8,Game_C24_Q7_time_First Click,Game_C24_Q7_time_Last Click,Game_C24_Q7_time_Page Submit,Game_C24_Q7_time_Click Count,Game_C24_Q7_1,Game_C24_Q7_2,Game_C24_Q7_3,Game_C24_Q7_4,Game_C24_Q7_5,Game_C24_Q7_6,Game_C24_Q7_7,Game_C24_Q7_8,Game_C24_Q8_time_First Click,Game_C24_Q8_time_Last Click,Game_C24_Q8_time_Page Submit,Game_C24_Q8_time_Click Count,Game_C24_Q8_1,Game_C24_Q8_2,Game_C24_Q8_3,Game_C24_Q8_4,Game_C24_Q8_5,Game_C24_Q8_6,Game_C24_Q8_7,Game_C24_Q8_8,Game_C24_Q9_time_First Click,Game_C24_Q9_time_Last Click,Game_C24_Q9_time_Page Submit,Game_C24_Q9_time_Click Count,Game_C24_Q9_1,Game_C24_Q9_2,Game_C24_Q9_3,Game_C24_Q9_4,Game_C24_Q9_5,Game_C24_Q9_6,Game_C24_Q9_7,Game_C24_Q9_8,Cohort24_Q10_time_First Click,Cohort24_Q10_time_Last Click,Cohort24_Q10_time_Page Submit,Cohort24_Q10_time_Click Count,Cohort24_Q10_1,Cohort24_Q10_2,Cohort24_Q10_3,Cohort24_Q10_4,Cohort24_Q10_5,Cohort24_Q10_6,Cohort24_Q10_7,Cohort24_Q10_8,task_load_1_1,task_load_2_1,task_load_3_1,task_load_4_1,task_load_5_1,avg_task_load,task_load_time_First Click,task_load_time_Last Click,task_load_time_Page Submit,task_load_time_Click Count,trust_1_1,trust_2_1,trust_3_1,trust_4_1,trust_5_1,trust_6_1,trust_7_1,trust_8_1,avg_trust,trust_time_First Click,trust_time_Last Click,trust_time_Page Submit,trust_time_Click Count,PROLIFIC_PID,cohort_num,DeviceIdentifier,training_counter,game_counter,avg_explanation
17-11-20 2:24,17-11-20 2:43,IP Address,78.105.82.216,100,1160,TRUE,17-11-20 2:43,R_3339KlURfX3qEDv,,,,,51.72189331,0.48109436,anonymous,EN,0.9,s,5.072,5.072,14.169,1,"Yes, I understand the explanatory statement and agree to participate in this study.",Yes,5c8ab82f36e5a10001f164ed,Female,,48,2.366,3.582,6.804,2,0,0,75.058,0,0,0,29.937,0,0,0,9.313,0,12.53,39.983,56.774,4,0,1,0,1,0,2,0,1,12.626,53.067,66.29,4,0,1,1,2,0,0,0,1,13.421,24.58,41.9,3,1,0,0,0,2,0,2,0,14.618,44.266,59.715,4,1,0,1,0,1,0,1,0,e,1.829,1.829,5.177,1,0,0,5.362,0,11.088,38.931,61.499,3,1,0,0,0,1,0,1,0,5.615,56.951,65.087,4,1,2,1,0,0,0,1,0,8.464,63.555,71.157,5,0,1,0,1,2,1,1,0,8.16,48.505,57.605,6,0,0,0,0,2,4,2,1,15.053,23.461,47.134,2,0,0,0,1,0,0,2,0,14.897,51.09,63.628,4,0,2,0,0,0,1,1,0,19.144,66.977,72.061,7,0,1,1,1,2,1,2,1,11.176,78.121,81.571,6,3,2,3,1,0,0,0,0,9.214,68.743,71.628,5,1,0,1,1,0,0,1,1,12.784,31.04,60.841,3,0,1,0,0,1,0,0,1,16,1,4,17,1,7.8,2.584,16.512,17.583,5,3,2,2,2,2,3,2,2,2.25,6.129,23.595,24.584,8,,2,,5,11,0
17-11-20 2:31,17-11-20 2:49,IP Address,165.225.197.37,100,1055,TRUE,17-11-20 2:49,R_2VyZIA0NFjgPxjM,,,,,53.47340393,-2.314193726,anonymous,EN,0.9,s,2.897,2.897,8.237,1,"Yes, I understand the explanatory statement and agree to participate in this study.",Yes,5c936c09e2d9fb0001386b03,Female,,31,1.769,2.382,4.505,2,0,0,39.92,0,0,0,20.342,0,0,0,14.02,0,6.659,21.312,33.154,9,0,1,0,1,0,2,0,1,4.933,21.212,32.25,10,0,1,1,1,0,0,0,2,5.933,26.761,27.539,9,2,0,0,0,2,0,2,0,3.892,22.672,30.511,12,1,1,1,0,1,0,1,0,e,1.812,1.812,5.686,1,0,0,7.299,0,4.239,28.375,52.14,12,1,0,0,1,1,2,1,0,3.115,29.089,42.632,14,1,4,0,0,0,0,1,1,4.865,29.453,48.853,16,0,1,0,1,2,2,1,0,4.316,32.633,42.508,15,0,0,0,1,2,4,2,0,3.761,32.331,48.945,18,2,1,1,1,1,1,1,0,3.893,42.643,57.423,12,0,1,1,0,1,1,1,1,2.385,63.181,74.983,23,0,1,1,1,2,1,2,0,4.51,55.251,63.886,18,2,1,1,1,0,0,0,1,4.479,41.356,57.641,20,1,0,1,2,1,1,1,0,2.693,62.965,73.881,18,0,1,0,1,2,3,0,2,15,1,6,18,3,8.6,3.744,14.067,15.353,5,2,2,1,1,3,2,2,1,1.75,4.683,19.382,20.465,8,,2,,5,11,0
17-11-20 2:33,17-11-20 2:54,IP Address,86.19.44.15,100,1225,TRUE,17-11-20 2:54,R_2fpw19DMmyXfYWd,,,,,51.58279419,-0.344802856,anonymous,EN,0.9,s,5.998,5.998,7.028,1,"Yes, I understand the explanatory statement and agree to participate in this study.",Yes,5f222ba23805056d24dfd7f4,Female,,20,1.736,2.572,4.929,2,0,0,53.045,0,0,0,29.556,0,0,0,12.875,0,3.644,20.914,28.05,9,0,1,0,1,0,2,0,1,14.813,35.523,37.551,12,0,1,1,1,0,0,0,2,4.129,28.067,35.047,9,0,0,0,0,2,0,3,0,9.061,66.464,67.859,32,1,1,1,0,1,0,1,0,e,2.111,2.111,3.439,1,0,0,14.675,0,3.221,64.428,66.923,23,1,0,0,0,2,3,1,1,3.06,63.777,67.92,25,0,4,1,0,0,0,2,2,2.62,64.443,73.141,24,0,1,0,1,2,3,1,1,2.626,46.626,48.153,21,0,0,0,1,2,4,2,0,1.951,55.565,65.764,25,0,1,1,0,1,1,3,1,3.438,56.881,82.032,27,0,2,1,1,0,3,1,1,2.869,90.839,92.391,24,0,1,1,1,2,1,2,1,2.551,69.065,71.889,39,3,2,3,1,0,0,0,0,3.919,77.482,85.827,31,1,1,1,2,1,1,1,0,5.569,77.584,80.202,21,0,1,0,1,2,3,0,1,16,10,2,18,7,10.6,3.707,17.331,17.971,5,2,2,2,1,3,3,1,1,1.875,3.86,22.642,23.196,10,,2,,5,11,0
17-11-20 2:31,17-11-20 2:55,IP Address,82.17.44.169,100,1484,TRUE,17-11-20 2:55,R_x4nrumkcqdh2xNL,,,,,51.4703064,-3.281097412,anonymous,EN,0.9,s,5.217,5.217,7.291,1,"Yes, I understand the explanatory statement and agree to participate in this study.",Yes,5f6a495d45e8050e4c861a76,Female,,22,2.481,3.36,6.417,2,0,0,64.435,0,0,0,23.985,0,0,0,30.163,0,27.539,38.798,48.862,4,0,1,0,1,0,2,0,1,36.203,60.175,62.781,4,0,1,1,1,0,0,0,2,29.777,49.487,56.501,8,1,0,0,0,2,0,2,0,25.994,44.54,47.164,6,1,1,1,0,1,0,1,0,e,3.661,3.661,5.544,1,0,0,28.988,0,35.996,56.524,58.859,6,1,0,0,1,1,2,1,0,14.99,101.785,105.401,16,1,4,1,0,0,0,1,2,116.877,160.593,163.246,13,0,1,0,1,2,3,1,0,5.927,74.199,76.634,19,0,0,0,1,2,4,2,0,6.575,71.667,73.734,16,2,1,2,1,1,1,1,0,63.773,85.893,88.52,6,0,2,1,1,0,3,1,0,64.359,80.23,83.174,7,0,0,1,1,1,1,2,1,4.356,65.253,72.55,17,3,2,3,1,0,0,0,0,7.876,66.842,68.66,21,1,0,1,2,1,1,1,1,4.082,62.526,64.396,14,0,1,0,2,2,3,0,1,8,6,7,9,1,6.2,5.154,30.917,32.02,7,2,1,1,2,4,2,2,1,1.875,4.167,52.048,53.058,12,,2,,5,11,0
17-11-20 2:28,17-11-20 2:56,IP Address,81.98.226.66,100,1699,TRUE,17-11-20 2:56,R_30tKKHrWhucnbHx,,,,,55.81190491,-4.257293701,anonymous,EN,0.9,s,3.443,3.443,9.151,1,"Yes, I understand the explanatory statement and agree to participate in this study.",Yes,5eb40fe5083a7321d918aff7,Female,,29,3.699,7.739,10.984,3,32.443,33.496,34.396,2,30.179,30.179,33.096,1,3.232,20.1,21.339,5,29.627,68.851,71.16,13,0,1,0,1,0,2,0,1,3.861,90.332,91.514,22,0,1,1,2,0,0,0,2,0.153,55.111,56,14,1,0,0,0,2,0,2,0,2.822,31.767,37.381,13,1,1,1,0,1,0,1,0,e,1.779,1.779,4.732,1,3.914,3.914,8.007,1,3.243,96.791,97.826,26,1,0,0,1,1,2,1,1,0.563,89.379,92.52,25,0,4,1,0,0,0,1,2,5.051,62.252,63.4,19,0,1,0,1,2,3,1,0,6.011,89.421,90.153,23,0,0,0,1,2,3,2,0,3.618,113.246,114.261,32,2,1,2,1,1,1,1,0,5.569,115.231,117.171,43,0,2,1,1,0,1,1,0,4.36,101.03,102.968,24,0,0,2,1,2,1,2,1,6.744,127.125,128.206,29,3,1,3,1,0,0,0,0,5.426,117.023,118.104,25,1,0,1,2,1,1,1,1,4.487,127.739,129.604,28,1,1,0,1,2,2,0,1,12,8,7,15,5,9.4,3.067,31.313,33.194,10,3,2,2,2,3,4,1,2,2.375,3.963,48.112,48.99,17,,2,,5,11,0
17-11-20 2:32,17-11-20 2:58,IP Address,88.98.244.53,100,1525,TRUE,17-11-20 2:58,R_3CWXLwXn0gGu4Ol,,,,,55.86700439,-4.26210022,anonymous,EN,0.9,s,3.442,3.442,22.181,1,"Yes, I understand the explanatory statement and agree to participate in this study.",Yes,5f3056ac27e3be4b46c98522,Female,,18,2.01,4.212,7.581,2,0,0,51.241,0,0,0,15.942,0,4.755,4.755,6.102,1,8.001,68.883,73.806,12,0,1,0,1,0,2,0,1,33.262,108.414,109.496,11,0,1,1,2,0,0,0,1,17.79,145.556,147.462,24,1,0,0,0,2,0,2,0,2.375,27.395,28.532,9,0,1,1,0,1,0,2,0,e,2.383,2.383,6.299,1,0,0,9.766,0,2.161,39.878,52.678,13,1,0,0,0,1,2,1,1,11.591,31.4,32.383,10,0,2,1,0,0,0,1,1,4.294,41.236,42.54,12,0,1,0,1,2,2,1,0,26.331,55.097,63.185,15,0,0,0,1,2,4,2,0,9.166,73.05,74.27,12,2,1,3,0,1,1,1,0,11.193,81.214,82.229,21,0,0,0,2,0,2,0,0,28.678,81.105,81.978,21,0,1,1,1,1,2,2,0,58.768,89.037,92.953,19,3,1,1,0,0,0,0,0,19.016,170.126,179.173,18,1,0,1,1,1,0,1,0,4.885,91.741,93.736,11,0,0,0,2,2,3,0,0,16,9,8,17,10,12,3.201,12.526,13.931,5,5,4,2,3,2,4,3,2,3.125,14.279,33.406,34.749,9,,2,,5,11,0
17-11-20 2:21,17-11-20 2:59,IP Address,109.155.221.254,100,2267,TRUE,17-11-20 2:59,R_tQlbGAlGsKeJuKt,,,,,54.11639404,-3.213699341,anonymous,EN,0.9,s,6.294,6.294,10.812,1,"Yes, I understand the explanatory statement and agree to participate in this study.",Yes,5a399375a324900001af02b8,Female,,43,4.242,5.075,15.328,2,0,0,77.246,0,0,0,27.88,0,0,0,32.322,0,7.316,51.304,54.707,20,0,1,0,1,0,2,0,1,3.348,38.763,40.147,10,0,1,1,1,0,0,0,2,3.133,33.09,34.503,9,1,0,0,0,2,0,2,0,2.562,27.638,29.067,11,1,1,1,0,1,0,1,0,e,4.101,4.101,9.102,1,0,0,19.91,0,5.195,115.569,118.336,37,1,0,0,1,2,3,1,1,7.099,158.811,165.18,22,1,4,1,0,0,0,1,2,6.361,162.049,164.827,33,0,1,0,0,2,3,1,1,2.811,83.98,101.618,17,0,0,0,1,2,4,2,0,8.112,208.857,228.343,50,2,1,2,1,1,1,1,0,8.259,189.575,202.477,43,0,1,1,1,0,3,1,1,7.292,150.28,153.633,34,0,1,1,1,1,1,2,1,9.335,105.544,192.397,13,3,1,3,1,0,0,0,0,5.166,235.127,237.433,47,1,1,1,2,1,1,2,1,5.064,145.034,148.228,41,0,1,0,2,2,3,0,1,18,15,4,21,10,13.6,11.184,40.783,46.054,5,2,2,1,1,2,3,2,1,1.75,9.135,41.099,42.725,8,,2,,5,11,0
17-11-20 2:33,17-11-20 2:59,IP Address,146.198.110.55,100,1562,TRUE,17-11-20 2:59,R_3lWZw1DGrFZtun0,,,,,55.9335022,-3.253997803,anonymous,EN,0.9,s,5.366,5.366,7.835,1,"Yes, I understand the explanatory statement and agree to participate in this study.",Yes,5f00b44e836b900755d6da5c,Male,,51,2.071,9.634,10.621,4,36.087,68.482,69.622,2,43.301,43.301,44.368,1,33.461,33.461,34.489,1,4.356,43.482,44.205,9,0,1,0,1,0,2,0,1,7.422,76.033,76.928,13,0,1,1,1,0,0,0,2,33.455,83.774,85.038,16,1,0,0,0,2,0,2,0,11.889,68.64,69.538,11,1,1,1,0,1,0,1,0,e,2.337,2.337,6.402,1,8.614,8.614,9.628,1,7.616,84.593,85.441,17,0,0,0,1,1,2,1,1,7.778,70.465,71.21,18,1,3,1,0,0,1,0,1,4.947,76.598,77.811,18,0,1,0,1,2,3,1,0,5.736,83.18,83.877,17,0,0,0,1,2,4,2,0,4.51,88.723,89.51,21,2,1,2,1,1,1,1,0,13.794,80.129,82.219,7,0,0,0,1,0,2,1,0,15.71,109.676,110.502,18,0,1,1,0,1,1,2,2,5.532,88.12,90.456,17,3,1,3,1,0,0,0,0,11.77,126.045,127.111,17,0,0,1,1,1,1,1,0,4.941,82.603,83.664,17,0,1,0,1,2,3,0,0,4,6,8,16,3,7.4,4.532,49.992,51.129,12,3,2,2,2,3,3,2,2,2.375,3.905,32.91,33.673,16,,2,,5,11,0
17-11-20 2:31,17-11-20 2:59,IP Address,95.144.200.93,100,1733,TRUE,17-11-20 2:59,R_27NWdb0fKW1mBra,,,,,55.1499939,-6.616699219,anonymous,EN,0.9,s,4.515,4.515,7.116,1,"Yes, I understand the explanatory statement and agree to participate in this study.",Yes,5dbc7e006effa1222568f703,Male,,22,2.678,6.358,6.836,3,26.524,26.524,77.845,1,0,0,33.391,0,0,0,36.037,0,2.027,34.609,46.191,27,0,1,0,1,0,2,0,1,12.606,64.877,69.345,10,0,1,1,2,0,0,0,1,3.903,32.379,34.646,23,1,0,0,0,2,0,2,0,4.249,38.846,47.753,29,1,1,1,0,1,0,1,0,e,2.565,2.565,5.559,1,23.212,23.212,23.732,1,2.391,69.792,82.455,44,1,0,0,1,2,3,1,0,2.8,53.576,69.949,51,1,4,1,1,0,0,1,1,7.489,121.041,127.935,63,0,1,0,1,1,3,1,0,2.656,87.453,94.217,72,0,0,0,1,2,4,2,0,7.293,69.079,87.398,50,1,1,1,1,1,1,2,0,3.727,126.914,154.816,94,0,2,1,1,0,3,1,1,4.201,96.52,97.551,39,0,1,1,1,2,1,2,1,7.968,174.586,177.533,136,3,2,2,1,0,0,0,0,5.703,100.543,102.337,55,1,1,1,2,1,1,1,1,4.978,137.925,171.783,53,0,0,0,2,2,3,0,1,17,8,10,14,9,11.6,5.381,21.263,24.49,6,2,2,1,3,4,2,3,3,2.5,4.785,59.01,59.657,8,,2,,5,11,0
17-11-20 2:36,17-11-20 3:00,IP Address,89.240.165.213,100,1437,TRUE,17-11-20 3:00,R_ul9IQW6owvfvBYZ,,,,,53.36149597,-1.507003784,anonymous,EN,0.9,s,6.333,6.333,8.207,1,"Yes, I understand the explanatory statement and agree to participate in this study.",Yes,5c8c529972b6f200128304ba,Female,,34,2.424,3.562,6.357,2,0,0,84.007,0,0,0,60.535,0,0,0,39.841,0,6.609,55.987,66.742,9,0,1,0,1,0,2,0,1,5.031,16.694,24.983,9,0,1,1,1,0,0,0,2,7.468,18.053,37.1,8,1,0,0,0,2,0,2,0,5.772,16.923,30.213,10,1,1,1,0,1,0,1,0,e,5.222,5.222,8.928,1,0,0,13.979,0,7.892,29.934,47.959,14,1,0,0,1,1,2,1,1,3.118,49.953,73.477,20,1,4,1,0,0,0,1,2,3.885,34.815,77.071,14,0,1,0,1,2,3,1,0,4.861,59.371,64.4,16,0,0,0,1,2,4,2,0,7.632,79.421,115.894,20,2,1,1,1,1,1,1,0,5.243,83.301,136.819,18,0,2,1,1,0,3,1,1,5.075,70.521,92.055,20,0,1,1,2,2,1,2,1,5.505,70.866,73.578,18,3,2,3,1,0,0,0,0,8.15,55.543,91.434,15,1,1,1,2,1,1,1,0,4.44,88.069,89.279,21,0,1,0,2,2,3,0,1,15,4,11,16,4,10,6.949,26.379,29.016,6,2,2,2,2,2,2,4,3,2.375,3.987,26.476,27.31,8,,2,,5,11,0
17-11-20 2:32,17-11-20 3:00,IP Address,134.219.227.37,100,1692,TRUE,17-11-20 3:00,R_26c35ZhofA6VoDW,,,,,51.42199707,-0.554504395,anonymous,EN,0.9,s,2.988,2.988,5.192,1,"Yes, I understand the explanatory statement and agree to participate in this study.",Yes,5cebf1ca4a66db00197ba885,Female,,19,1.761,2.899,5.325,2,0,0,58.217,0,0,0,19.8,0,0,0,18.395,0,3.538,42.272,46.192,13,0,1,0,1,0,2,0,1,5.924,53.096,55.233,9,0,1,1,1,0,0,0,2,5.612,34.143,41.928,9,1,0,0,0,2,0,2,0,6.489,44.552,47.088,18,1,1,1,0,1,0,1,0,e,1.641,1.641,6.171,1,0,0,12.547,0,2.797,88.785,114.735,59,1,0,0,1,2,3,1,1,3.99,121.368,128.1,66,1,4,1,0,0,0,1,2,2.988,101.507,105.319,58,0,1,0,1,2,3,1,1,10.639,105.169,111.836,51,0,0,0,0,2,4,2,0,3.437,97.373,114.362,72,2,1,2,1,1,1,1,0,2.809,97.246,122.921,58,0,2,1,1,0,3,1,1,4.022,200.885,203.829,74,0,1,1,1,2,1,2,1,5.7,96.168,115.019,48,3,1,3,1,0,0,0,0,7.251,104.071,104.648,43,1,0,1,2,1,1,1,0,3.184,86.089,92.689,66,0,1,0,2,2,3,0,1,14,9,5,18,8,10.8,3.466,22.151,23.837,7,2,2,1,1,4,2,2,2,2,3.693,22.488,23.639,8,,2,,5,11,0
17-11-20 2:35,17-11-20 3:00,IP Address,92.13.78.86,100,1501,TRUE,17-11-20 3:00,R_0NUGhF3cfF8IBl7,,,,,53.78059387,-1.750793457,anonymous,EN,0.9,s,2.688,2.688,7.254,1,"Yes, I understand the explanatory statement and agree to participate in this study.",Yes,5ab39e18fa3b4e000172b540,Female,,25,2.07,5.249,8.23,4,1.887,29.709,30.843,11,9.956,21.501,22.568,15,4.439,12.245,26.389,6,2.883,41.91,43.47,29,0,1,0,1,0,2,0,1,3.517,30.096,32.593,19,0,1,1,1,0,0,0,2,1.771,30.695,31.881,25,1,0,0,0,2,0,2,0,1.655,58.906,59.969,40,1,1,1,0,1,0,1,0,e,2.015,2.015,4.769,1,3.317,13.736,15.346,4,31.392,108.541,109.786,41,1,0,0,1,2,3,1,1,1.195,70.329,71.456,37,1,4,1,1,0,0,1,1,1.88,92.339,93.469,44,0,1,0,1,2,3,1,1,2.603,68.539,69.788,36,0,0,0,0,2,4,2,1,1.458,118.052,119.397,51,2,1,2,0,1,1,1,1,1.588,135.802,136.935,57,0,2,1,1,0,2,1,1,1.34,136.114,137.292,51,0,1,1,1,2,1,2,0,1.216,92.712,93.802,37,2,2,3,1,0,0,0,0,4.461,130.975,132.123,56,1,0,1,2,0,1,2,1,0.042,58.264,59.29,34,0,1,0,2,3,2,0,1,11,3,10,13,2,7.8,3.742,20.298,21.42,13,2,1,2,2,2,2,1,1,1.625,3.186,19.741,20.721,12,,2,,5,11,0
17-11-20 2:31,17-11-20 3:02,IP Address,86.180.187.157,100,1865,TRUE,17-11-20 3:02,R_3nvga7dg5oel8tl,,,,,51.41799927,-0.175201416,anonymous,EN,0.9,s,2.758,2.758,6.376,1,"Yes, I understand the explanatory statement and agree to participate in this study.",Yes,5f804ebf2dac9e0545b367b5,Female,,31,2.646,6.122,9.423,3,161.648,161.648,162.142,1,0,0,47.111,0,0,0,47.881,0,4.608,31.27,43.934,10,0,1,0,1,0,2,0,1,7.076,24.394,40.34,10,0,1,1,1,0,0,0,2,89.794,134.302,197.54,13,2,0,0,0,2,0,2,0,4.131,30.042,60.219,11,1,1,1,0,1,0,1,0,e,1.882,4.01,4.32,2,0,0,10.576,0,1.741,47.29,81.269,18,1,0,0,1,2,3,1,1,3.546,51.479,95.699,19,1,4,1,0,0,0,1,2,4.936,92.988,97.747,18,0,1,0,1,2,3,1,1,2.472,38.363,91.229,18,0,0,0,1,1,4,2,0,6.829,80.494,108.406,19,2,1,2,1,1,1,1,0,8.269,106.203,131.975,18,0,2,1,1,0,3,1,1,3.261,49.208,74.801,19,0,1,1,1,2,1,2,1,5.05,64.56,103.384,19,3,2,3,1,0,0,0,0,6.078,103.61,117.228,26,2,2,1,2,1,1,2,1,4.172,43.05,73.155,17,0,1,0,1,2,3,0,1,17,3,6,16,2,8.8,3.724,18.398,19.897,5,2,3,2,2,2,2,2,2,2.125,3.596,25.655,26.453,8,,2,,5,11,0
17-11-20 2:31,17-11-20 3:02,IP Address,51.179.162.210,100,1828,TRUE,17-11-20 3:02,R_1gCJ7BEE8zMg5K0,,,,,53.49690247,-2.707199097,anonymous,EN,0.9,s,5.776,5.776,7.985,1,"Yes, I understand the explanatory statement and agree to participate in this study.",Yes,5c72a12c2dfbdb0001b94c01,Female,,53,2.659,3.946,6.801,2,0,0,100.198,0,0,0,53.954,0,0,0,21.223,0,9.729,65.046,68.531,15,0,1,0,1,0,2,0,1,10.213,83.565,91.868,9,0,1,1,2,0,0,0,1,64.481,82.187,84.927,9,1,0,0,0,2,0,2,0,47.299,68.052,70.893,10,1,1,1,0,1,0,1,0,e,2.081,2.081,5.822,1,0,0,13.034,0,62.141,193.647,197.676,39,1,0,0,0,2,3,1,0,20.19,80.618,82.985,19,2,3,1,0,0,0,0,0,21.177,80.558,83.157,17,0,1,0,1,2,3,1,0,7.992,45.381,71.621,12,0,0,0,0,2,4,2,0,4.686,239.023,240.133,15,2,0,0,0,0,0,1,0,22.462,48.737,52.248,5,0,1,0,0,0,0,1,0,12.28,77.575,80.621,11,0,1,1,0,1,1,2,0,85.868,133.985,138.469,11,3,1,2,0,0,0,0,0,32.462,82.027,95.175,12,1,0,1,1,1,1,1,0,39.945,83.66,85.769,11,0,0,0,1,2,3,0,1,21,21,3,21,3,13.8,4.58,18.366,19.161,5,3,4,1,2,2,4,2,2,2.5,4.313,23.042,24.143,8,,2,,5,11,0
17-11-20 2:30,17-11-20 3:02,IP Address,81.159.32.254,100,1928,TRUE,17-11-20 3:02,R_3n33ymOp6vVAUps,,,,,51.48049927,-0.011306763,anonymous,EN,0.9,s,2.729,3.096,4.153,2,"Yes, I understand the explanatory statement and agree to participate in this study.",Yes,5ebefd6da71efe115554a283,Female,,29,2.392,7.449,8.04,6,59.263,59.263,70.921,1,0,0,32.807,0,0,0,29.493,0,14.547,53.595,72.391,11,0,1,0,1,0,2,0,1,4.582,34.691,77.784,11,0,1,1,1,0,0,0,2,4.39,19.501,20.915,10,1,0,0,0,2,0,2,0,3.823,20.647,23.556,11,1,1,1,0,1,0,1,0,e,2.504,2.504,6.233,1,0,0,29.388,0,6.205,112.516,113.168,20,2,0,0,1,1,4,1,1,5.317,107.188,111.743,22,1,4,1,1,0,0,1,2,3.771,123.564,127.844,28,0,1,0,2,1,3,1,0,4.473,116.512,119.647,20,0,0,0,0,2,4,2,0,17.879,96.272,99.188,25,2,1,1,1,1,1,1,0,87.206,194.714,232.506,19,0,2,1,1,0,1,1,1,16.755,158.092,186.337,22,0,1,1,1,2,1,2,0,6.629,86.167,105.662,19,3,1,3,1,0,0,0,0,7.337,72.24,148.743,22,1,1,1,2,0,1,1,1,4.908,126.304,136.896,20,0,1,0,1,2,3,0,1,21,10,7,21,10,13.8,3.711,24.209,25.021,8,2,2,2,2,3,2,2,2,2.125,2.741,22.601,23.358,10,,2,,5,11,0
17-11-20 2:43,17-11-20 3:02,IP Address,86.179.67.204,100,1135,TRUE,17-11-20 3:02,R_2fqCvwVs0vJNXTC,,,,,51.60040283,-0.11680603,anonymous,EN,0.9,s,2.697,2.697,5.524,1,"Yes, I understand the explanatory statement and agree to participate in this study.",Yes,5c3f7c6329966300010dce78,Female,,30,2.794,4.705,7.413,3,32.572,32.572,63.491,1,0,0,32.001,0,0,0,19.176,0,4.033,40.827,44.464,13,0,1,0,1,0,1,0,1,5.684,80.553,86.252,12,0,1,1,1,0,0,0,1,5.944,43.246,49.736,10,1,0,0,0,2,0,2,0,17.829,51.229,52.557,11,1,1,1,0,1,0,1,0,e,2.765,2.765,5.841,1,0,0,5.837,0,23.849,37.781,42.064,5,1,0,0,0,2,3,1,0,28.767,36.69,44.963,4,0,4,2,0,0,0,0,2,57.156,75.115,76.719,7,1,0,2,1,2,3,0,1,14.788,47.215,51.855,4,0,0,0,0,0,4,2,1,16.192,118.917,121.549,18,2,1,2,1,1,1,1,0,31.096,55.352,59.21,7,1,2,1,2,0,2,1,1,5.653,24.852,26.524,9,0,1,1,1,1,1,2,1,11.781,21.027,23.765,4,2,2,2,1,0,0,0,0,12.272,84.791,88.278,15,1,1,2,1,1,1,1,1,37.18,53.34,63.119,6,0,1,0,1,2,3,0,1,18,8,10,17,18,14.2,2.264,22.671,24.362,5,3,2,2,2,2,3,2,2,2.25,3.92,22.111,23.476,8,,2,,5,11,0
17-11-20 2:33,17-11-20 3:04,IP Address,144.173.23.154,100,1905,TRUE,17-11-20 3:04,R_1j6XBeOXblpBYw3,,,,,50.73210144,-3.529998779,anonymous,EN,0.9,s,2.44,2.44,4.903,1,"Yes, I understand the explanatory statement and agree to participate in this study.",Yes,5d541d8a7c6e31001aeb29ed,Female,,33,2.415,3.418,6.587,2,0,0,49.554,0,0,0,31.209,0,0,0,18.152,0,7.863,36.232,40.174,9,0,1,0,1,0,2,0,1,4.495,36.75,38.747,9,0,1,1,1,0,0,0,2,25.884,47.474,68.948,8,1,0,0,0,2,0,2,0,5.35,26.418,36.435,10,1,1,1,0,1,0,1,0,e,2.328,2.328,5.38,1,0,0,13.453,0,7.23,53.431,55.506,13,1,0,0,1,1,3,1,0,10.447,76.344,83.052,16,1,4,1,0,0,0,1,2,6.658,72.542,74.871,17,0,1,0,1,2,3,1,1,0,0,240.115,0,0,0,0,0,0,0,0,0,7.367,85.87,88.336,16,2,1,2,0,1,1,1,1,6.527,80.242,101.284,16,0,2,1,1,0,3,1,1,0,0,240.118,0,0,0,0,0,0,0,0,0,0,0,240.011,0,0,0,0,0,0,0,0,0,8.732,145.82,180.178,16,1,0,1,2,1,1,1,0,5.964,71.553,74.058,14,0,1,0,1,2,3,0,1,16,12,13,17,13,14.2,13.152,28.696,30.109,5,2,3,3,3,4,2,3,2,2.75,3.83,25.695,26.679,8,,2,,5,11,0
17-11-20 2:35,17-11-20 3:04,IP Address,92.11.104.154,100,1765,TRUE,17-11-20 3:05,R_eWDWZN2CFgG2hi1,,,,,53.45159912,-2.914703369,anonymous,EN,0.9,s,1.79,1.79,6.854,1,"Yes, I understand the explanatory statement and agree to participate in this study.",Yes,5f8966991cea520009c18927,Female,,25,1.873,6.374,7.073,4,24.416,24.416,25.038,1,16.801,16.801,17.647,1,3.237,3.237,4.304,1,5.878,57.498,58.343,15,0,1,0,1,0,2,0,1,8.619,49.985,51.164,13,0,2,0,1,0,0,0,2,15.369,96.413,97.544,11,1,0,0,0,2,0,2,0,5.075,50.213,51.256,17,1,1,1,0,1,0,1,0,e,2.11,2.11,4.136,1,17.828,17.828,18.876,1,2.829,103.862,104.614,68,1,0,0,1,2,3,1,1,4.043,120.397,121.256,74,1,3,1,0,0,0,1,2,7.303,121.44,122.111,65,0,1,0,1,2,3,1,1,3.17,112.451,113.09,62,0,0,0,1,2,4,2,0,3.704,147.924,148.583,76,2,1,2,1,1,1,2,0,3.98,165.922,166.7,98,0,2,1,1,0,3,1,1,5.722,122.741,123.597,74,0,1,1,1,2,1,2,1,2.956,94.983,95.888,64,3,1,3,1,0,0,0,0,7.38,156.503,157.134,68,1,0,1,2,1,2,0,1,4.796,111.423,112.247,70,0,1,0,2,2,3,0,1,19,4,5,18,11,11.4,4.799,31.272,32.046,14,4,4,2,2,5,1,2,5,3.125,3.867,36.287,37.083,15,,2,,5,11,0
17-11-20 2:33,17-11-20 3:05,IP Address,86.130.147.228,100,1861,TRUE,17-11-20 3:05,R_2dAZHjB2KeXi8uR,,,,,53.02780151,-2.165802002,anonymous,EN,0.9,s,2.246,2.246,5.039,1,"Yes, I understand the explanatory statement and agree to participate in this study.",Yes,5e64c3821d7e1a2379ac0305,Female,,27,34.09,40.734,41.505,4,19.984,56.78,58.33,2,33.777,33.777,35.037,1,17.584,17.584,20.03,1,1.924,31.944,32.568,13,0,1,0,1,0,2,0,1,8.12,50.981,52.735,13,0,1,1,1,0,0,0,2,3.557,28.804,30.007,11,1,0,0,0,2,0,2,0,11.153,22.458,23.577,7,1,1,1,0,1,0,1,0,e,2.29,2.29,5.15,1,6.122,6.122,7.302,1,1.987,99.536,101.966,36,1,0,0,1,2,3,1,1,2.31,139.194,140.178,54,1,4,1,0,0,0,1,2,1.625,88.538,90.117,28,0,1,0,1,2,3,1,0,3.704,92.957,95.195,39,0,0,0,1,2,4,2,0,2.022,128.353,129.216,41,2,1,2,1,1,1,1,0,22.733,188.739,192.79,60,0,2,1,1,0,3,1,1,2.689,74.994,76.88,37,0,1,1,2,2,1,2,0,15.074,224.372,226.09,55,3,1,3,1,0,0,0,0,1.708,89.314,91.031,38,1,1,1,2,1,1,1,1,3.777,215.265,216.135,53,0,1,0,2,2,3,0,1,15,6,6,18,5,10,3.689,22.918,24.447,8,1,1,1,1,1,1,1,3,1.25,3.281,27.902,29.317,13,,2,,5,11,0
17-11-20 2:36,17-11-20 3:05,IP Address,82.24.75.156,100,1730,TRUE,17-11-20 3:05,R_1dce9bvsKHS23jx,,,,,51.13999939,0.898300171,anonymous,EN,0.9,s,5.421,5.421,12.882,1,"Yes, I understand the explanatory statement and agree to participate in this study.",Yes,5e1e1248116007167a37a0c9,Female,,33,2.099,3.217,5.92,2,0,0,125.15,0,0,0,96.439,0,0,0,26.652,0,2.289,23.351,33.482,9,0,1,0,1,0,2,0,1,5.572,46.141,49.012,14,0,1,1,1,0,0,0,2,10.983,31.325,34.453,9,1,0,0,0,2,0,2,0,3.181,17.645,21.969,10,1,1,1,0,1,0,1,0,e,3.684,3.684,7.069,1,0,0,6.423,0,6.998,62.904,83.544,30,1,0,0,1,2,3,1,1,15.803,86.874,92.416,39,0,4,2,0,0,0,1,2,8.348,67.802,78.802,31,0,1,0,1,2,3,1,0,3.261,69.932,73.449,37,0,0,0,0,2,4,2,0,4.099,210.76,212.127,70,2,1,2,1,1,1,1,1,16.025,110.588,131.017,36,0,1,0,1,0,3,1,1,5.362,67.97,76.228,30,0,1,1,1,2,1,2,0,4.678,62.713,82.251,35,3,1,2,1,0,0,0,0,7.017,88.958,98.945,28,1,0,1,2,1,1,1,0,10.621,80.243,99.383,32,0,1,0,1,2,3,0,1,21,16,5,13,5,12,7.234,34.805,36.043,6,4,3,2,3,3,3,3,3,3,5.892,33.945,35.072,8,,2,,5,11,0
17-11-20 2:33,17-11-20 3:05,IP Address,86.145.220.171,100,1888,TRUE,17-11-20 3:05,R_2Ec65Cd8qiN8utk,,,,,51.80529785,-0.80859375,anonymous,EN,0.9,s,6.589,6.589,16.834,1,"Yes, I understand the explanatory statement and agree to participate in this study.",Yes,5f90a27510f2d21828776354,Female,,22,2.948,6.606,7.992,3,18.794,246.989,247.873,6,13.975,40.645,41.518,2,0,0,43.13,0,20.414,36.968,38.566,7,0,1,0,1,0,2,0,1,9.238,68.671,70.68,13,0,1,1,1,0,0,0,2,9.288,24.799,26.733,6,1,0,0,0,2,0,2,0,28.434,43.914,44.719,7,1,1,1,0,1,0,1,0,e,3.828,3.828,6.018,1,0,0,13.517,0,23.678,103.212,103.99,14,1,0,0,1,2,3,1,1,5.889,168.005,169.633,13,0,4,0,0,0,0,1,2,16.999,74.306,75.308,10,0,1,0,1,2,3,1,0,9.078,95.528,97.042,11,0,0,0,1,2,4,2,0,20.683,105.497,106.319,13,2,1,1,1,1,1,1,0,10.228,88.038,90.244,8,0,2,0,1,0,2,1,0,8.422,236.595,237.924,21,0,0,2,1,2,1,2,1,20.01,51.206,53.123,7,3,2,3,1,0,0,0,0,18.382,93.924,94.741,11,1,1,1,2,1,0,1,0,24.957,98.117,99.038,12,0,1,0,2,2,3,0,1,20,3,4,19,13,11.8,4.588,40.698,42.53,11,2,2,1,1,1,1,1,2,1.375,6.803,40.129,42.366,13,,2,,5,11,0
17-11-20 2:23,17-11-20 3:05,IP Address,94.193.138.127,100,2551,TRUE,17-11-20 3:05,R_tMWwWWFIbEn7nBD,,,,,53.97439575,-1.17829895,anonymous,EN,0.9,s,8.004,8.004,10.857,1,"Yes, I understand the explanatory statement and agree to participate in this study.",Yes,5f8f00d6bb5b040e57117b4d,Non-binary,,22,3.046,5.405,8.48,2,0,0,196.746,0,0,0,119.06,0,0,0,30.066,0,4.03,55.988,58.765,10,0,1,0,1,0,2,0,1,7.475,55.268,57.301,10,0,1,1,1,0,0,0,2,10.6,115.494,132.768,16,1,0,0,0,2,0,2,0,7.802,62.028,65.632,10,1,1,1,0,1,0,1,0,e,3.6,3.6,7.842,1,0,0,19.273,0,2.9,89.438,106.347,27,1,0,0,1,2,3,1,1,3.849,150.596,153.354,19,1,4,1,0,0,0,2,2,3.299,122.842,148.435,24,0,1,0,1,2,3,1,1,2.54,103.999,179.678,24,0,0,0,0,2,4,2,0,3.575,174.606,191.601,28,2,1,2,1,1,1,1,0,3.24,205.372,219.033,25,0,2,1,1,0,3,1,1,5.2,147.815,149.049,27,0,1,1,1,2,1,2,1,2.369,85.99,128.806,22,3,1,3,1,0,0,0,0,3.139,141.874,153.736,30,1,1,1,2,1,1,1,1,2.05,88.611,102.803,26,0,1,0,2,2,3,0,1,15,17,4,16,9,12.2,8.336,39.703,42.425,7,3,4,1,2,5,2,4,4,3.125,10.681,53.18,54.46,10,,2,,5,11,0
17-11-20 2:31,17-11-20 3:06,IP Address,5.67.254.71,100,2094,TRUE,17-11-20 3:06,R_1Icvs7W4Q4FVUji,,,,,57.47909546,-4.223999023,anonymous,EN,0.9,s,1.48,14.478,16.199,8,"Yes, I understand the explanatory statement and agree to participate in this study.",Yes,56896501d3d6a7000ca23da8,Female,,30,1.436,5.208,5.863,7,1.022,20.112,21.271,7,4.349,5.158,119.623,2,0,0,17.789,0,2.749,33.638,34.586,25,0,1,0,1,0,2,0,1,2.621,83.136,83.946,68,0,1,1,1,0,0,0,2,38.321,61.967,62.852,23,1,0,0,0,2,0,2,0,2.852,71.263,73.855,40,1,0,1,0,1,0,1,0,e,1.944,6.193,6.956,5,0.965,9.221,9.801,4,0.899,129.064,130.309,131,1,0,0,1,2,2,1,1,0.012,112.446,113.099,127,1,4,1,0,0,0,1,2,14.818,142.225,143.1,95,0,1,0,1,2,3,1,0,1.211,78.352,79.119,82,0,0,0,0,2,4,2,0,2.023,144.905,145.688,160,2,0,3,0,1,1,1,1,0.544,234.589,235.237,190,0,1,1,1,0,2,1,0,1.768,110.662,111.179,116,0,0,2,0,2,1,2,0,4.606,128.243,129.518,120,3,1,3,0,0,0,0,0,1.839,119.729,120.39,104,1,0,1,2,1,1,1,0,1.787,141.464,142.19,112,0,1,0,1,2,3,0,1,16,3,12,15,1,9.4,2.427,17.802,19.257,16,3,3,3,2,3,5,3,3,3.125,3.358,19.311,20.139,19,,2,,5,11,0
17-11-20 2:30,17-11-20 3:06,IP Address,85.115.54.201,100,2161,TRUE,17-11-20 3:06,R_vCYnf5R7X5FQVJn,,,,,51.44999695,-0.283294678,anonymous,EN,0.3,S,4.365,4.365,8.111,1,"Yes, I understand the explanatory statement and agree to participate in this study.",Yes,5a9ed3f26219a30001f54e85,Male,,26,0.949,6.062,6.691,5,2.093,46.957,47.867,3,14.102,22.934,23.87,3,14.985,14.985,18.271,1,2.889,22.11,23.574,11,0,1,0,1,0,2,0,1,1.732,50.492,51.104,16,0,0,1,1,0,0,0,2,7.515,84.298,84.871,21,1,0,0,0,2,0,2,0,2.877,41.465,42.377,15,1,1,1,0,1,0,1,0,E,1.8,1.8,4.083,1,5.491,5.491,9.437,1,3.246,71.161,74.284,16,1,0,0,1,1,4,0,0,2.41,122.085,123.609,42,1,4,1,0,0,0,1,2,2.695,57.782,59.529,15,0,1,0,1,2,3,1,0,0,0,241.991,0,0,0,0,0,0,0,0,0,0,0,241.781,0,0,0,0,0,0,0,0,0,177.925,239.427,239.713,31,0,2,1,0,0,2,0,1,2.896,85.057,87.201,21,0,1,1,1,2,1,2,1,64.608,127.532,128.29,15,2,2,3,1,0,0,0,0,45.127,122.763,123.402,20,1,1,1,2,1,1,1,1,0,0,241.99,0,0,0,0,0,0,0,0,0,18,19,6,16,6,13,3.829,20.675,21.57,10,2,1,1,1,1,2,1,1,1.25,4.453,28.2,28.906,15,,2,,5,11,0
17-11-20 2:40,17-11-20 3:06,IP Address,94.15.63.99,100,1565,TRUE,17-11-20 3:07,R_b8iw7KKukSElMYh,,,,,54.01199341,-1.043701172,anonymous,EN,0.9,s,6.255,9.982,10.336,2,"Yes, I understand the explanatory statement and agree to participate in this study.",Yes,5c3d48955fd1050001a99364,Female,,30,1.874,3.172,5.526,3,91.199,91.199,95.506,1,0,0,83.748,0,0,0,27.846,0,11.354,71.469,75.265,28,0,1,0,1,0,2,0,1,6.53,86.675,89.302,37,0,1,1,2,0,0,0,1,7.968,48.031,49.928,20,1,0,0,0,2,0,2,0,4.441,81.845,83.673,29,1,1,1,0,1,0,1,0,e,2.632,2.632,6.357,1,0,0,13.654,0,4.727,101.032,110.838,50,1,0,0,1,0,2,1,0,3.549,89.882,91.535,43,0,3,1,0,0,0,1,0,6.662,94.35,108.434,42,0,1,0,1,2,2,0,0,3.299,144.974,147.586,77,0,0,0,0,2,4,2,0,3.091,110.31,112.086,60,1,0,2,1,1,1,2,0,42.845,58.54,59.61,7,1,2,1,1,0,3,1,1,4.957,52.166,52.531,25,0,1,1,1,2,1,2,1,3.869,92.932,94.204,28,3,2,3,1,0,0,0,0,10.096,20.4,21.224,8,1,1,1,2,1,1,1,1,9.268,19.476,20.771,7,0,1,2,0,2,3,1,0,21,1,11,21,18,14.4,3.138,23.665,24.823,5,3,3,3,3,3,2,5,4,3.25,4.149,25.27,26.178,9,,2,,5,11,0
17-11-20 2:32,17-11-20 3:09,IP Address,86.158.2.74,100,2254,TRUE,17-11-20 3:09,R_2cx8JjzNyvqfFqV,,,,,51.00750732,-3.101501465,anonymous,EN,0.9,s,6.271,6.774,10.711,2,"Yes, I understand the explanatory statement and agree to participate in this study.",Yes,5ed5742f3d96410f9b7e0c16,Female,,46,4.081,5.154,8.999,2,0,0,57.542,0,0,0,22.605,0,0,0,17.223,0,29.862,68.272,71.466,4,0,1,0,1,0,2,0,1,20.025,59.666,62.853,4,0,1,1,1,0,0,0,2,20.626,51.152,63.19,3,1,0,0,0,2,0,2,0,15.141,48.254,55.527,5,1,1,1,0,1,0,1,0,e,6.843,6.843,10.358,1,0,0,11.988,0,14.707,161.952,169.191,17,1,0,0,1,1,3,1,1,40.054,121.545,124.738,10,0,3,1,0,0,0,1,1,30.338,102.682,114.939,13,0,1,0,1,2,3,1,0,53.784,113.074,122.764,13,0,0,0,1,2,4,2,0,15.156,133.645,136.787,18,2,1,3,1,1,1,1,0,79.841,240.131,240.188,18,0,2,1,1,0,3,1,1,51.901,198.289,208.161,15,0,1,1,2,2,1,2,0,16.494,187.602,191.099,17,3,2,3,1,0,0,0,0,17.886,206.962,209.716,22,1,1,1,2,1,4,1,1,32.345,153.103,157.142,13,0,1,0,1,2,3,0,1,21,12,12,21,5,14.2,7.576,35.977,38.931,7,3,2,2,2,4,3,2,2,2.5,6.871,30.256,32.201,8,,2,,5,11,0
17-11-20 2:32,17-11-20 3:14,IP Address,109.148.106.232,100,2511,TRUE,17-11-20 3:14,R_2bOiyUfMcOyrGIW,,,,,52.60490417,-1.148803711,anonymous,EN,0.7,s,1.201,1.201,8.485,1,"Yes, I understand the explanatory statement and agree to participate in this study.",Yes,5fb00a3fa9c32233768ef04a,Male,,18,7.791,9.707,11.712,2,0,0,68.8,0,0,0,32.36,0,0,0,4.283,0,8.944,74.301,80.218,37,0,1,0,1,0,2,0,1,12.785,86.363,86.901,35,0,1,1,2,0,0,0,1,7.831,89,95.7,38,2,0,0,0,1,0,2,0,10.5,58.533,93.345,32,1,1,1,0,1,0,1,0,e,2.146,2.146,6.075,1,0,0,17.92,0,7.541,105.475,113.123,43,1,0,0,2,2,3,1,0,68.429,221.193,222.789,57,2,4,1,0,0,0,0,1,11.426,88.934,134.184,35,0,1,0,1,2,3,1,0,4.801,182.454,197.162,53,0,0,0,1,2,3,1,0,4.757,115.026,133.431,50,2,1,1,1,1,1,1,0,20.721,234.674,236.624,63,1,2,1,1,0,3,1,1,6.758,108.279,109.614,46,0,1,1,2,2,1,1,0,11.593,163.427,202.822,70,2,2,3,2,0,0,0,0,10.324,189.999,190.818,45,1,0,2,2,1,1,1,1,189.954,222.536,240.121,17,0,1,0,2,1,3,0,0,16,15,12,17,6,13.2,6.253,24.51,25.965,5,2,3,1,1,4,1,3,5,2.5,6.352,34.681,35.884,8,,2,,5,11,0
17-11-20 2:36,17-11-20 3:15,IP Address,79.69.223.161,100,2300,TRUE,17-11-20 3:15,R_3lESS2YgUkYH7e9,,,,,53.39750671,-2.920593262,anonymous,EN,0.9,s,8.809,8.809,11.383,1,"Yes, I understand the explanatory statement and agree to participate in this study.",Yes,5c30bf4726d1c6000195f30d,Female,,25,1.82,3.486,6.129,2,0,0,98.564,0,0,0,36.728,0,0,0,45.464,0,4.361,36.926,41.476,9,0,1,0,1,0,2,0,1,12.007,67.172,68.967,12,0,1,1,1,0,0,0,2,4.731,15.614,17.376,8,1,0,0,0,2,0,2,0,4.518,24.323,26.889,10,1,1,1,0,1,0,1,0,e,3.436,3.436,6.775,1,0,0,21.79,0,5.72,131.674,144.048,60,1,0,0,1,2,3,1,1,19.579,147.355,150.988,59,1,4,1,0,0,0,1,2,7.357,195.533,204.69,48,0,1,0,1,2,3,1,1,7.107,190.765,192.98,38,0,0,0,1,2,4,2,0,6.225,155.648,183.769,37,2,1,2,1,1,1,1,0,21.749,146.429,154.22,36,0,2,1,1,0,3,1,1,22.526,195.539,201.543,54,0,1,1,1,2,1,2,1,4.623,100.633,103.755,12,3,1,3,1,0,0,0,0,21.796,174.929,176.352,55,1,1,1,2,1,1,1,1,6.902,122.957,124.578,36,0,1,0,2,2,3,0,1,14,4,1,15,6,8,8.224,31.163,32.941,6,3,2,1,1,4,1,1,2,1.875,11.16,44.291,45.089,9,,2,,5,11,0
17-11-20 2:33,17-11-20 3:15,IP Address,2.97.8.243,100,2496,TRUE,17-11-20 3:15,R_2ZOibM00TboO49c,,,,,52.39070129,-1.291107178,anonymous,EN,0.9,s,6.936,6.936,9.649,1,"Yes, I understand the explanatory statement and agree to participate in this study.",Yes,545cb60ffdf99b119d8b18b6,Female,,52,2.386,6.094,9.147,3,18.414,37.171,38.586,3,34.922,34.922,36.514,1,19.089,19.089,23.946,1,24.36,76.489,78.514,8,0,1,0,1,0,2,0,1,25.092,92.546,94.267,9,0,1,1,2,0,0,0,1,11.833,37.349,39.574,5,1,0,0,0,2,0,2,0,24.738,69.798,71.626,8,1,1,1,0,1,0,1,0,e,4.354,4.354,8.508,1,6.141,6.141,8.342,1,17.665,203.218,204.551,16,1,0,0,1,1,3,1,1,24.599,179.35,189.115,12,1,4,1,0,0,0,1,2,24.48,159.604,161.027,13,0,1,0,1,2,3,1,1,24.324,125.155,127.395,9,0,0,0,1,2,4,2,0,44.449,185.968,187.569,11,2,0,2,1,1,0,1,0,67.474,209.573,240.047,11,0,1,1,1,0,3,0,1,15.879,234.312,240.11,18,0,1,0,0,2,1,2,1,5.778,156.759,164.963,16,1,2,1,2,0,0,0,0,13.201,234.15,235.211,16,1,1,1,2,1,1,1,0,31.401,114.686,115.969,13,0,1,0,2,2,3,0,1,15,8,7,17,8,11,10.048,39.921,41.618,9,3,2,3,3,4,3,2,2,2.75,4.853,41.045,42.347,11,,2,,5,11,0
17-11-20 2:40,17-11-20 3:18,IP Address,84.71.163.153,100,2286,TRUE,17-11-20 3:18,R_1NmiNUaWpL6sCuN,,,,,51.55909729,-0.228302002,anonymous,EN,0.9,s,6.184,6.184,10.888,1,"Yes, I understand the explanatory statement and agree to participate in this study.",Yes,5fad4638281595000904220b,Female,,29,4.887,5.728,9.247,2,75.35,75.35,78.797,1,0,0,93.3,0,0,0,21.726,0,10.023,117.463,141.211,25,0,1,0,1,0,2,0,1,13.614,57.67,67.519,24,0,1,1,1,0,0,0,2,10.469,60.325,70.909,23,1,0,0,0,2,0,2,0,7.819,49.635,74.527,27,1,1,1,0,1,0,1,0,e,5.537,5.537,8.583,1,0,0,11.283,0,7.488,112.246,128.782,15,1,0,0,1,2,3,1,1,88.117,176.642,190.137,14,1,4,1,0,0,0,1,2,9.781,172.73,174.554,16,0,1,0,1,2,3,1,1,4.496,51.767,58.619,15,0,0,0,1,2,4,2,0,10.148,136.915,156.427,32,2,1,2,1,1,1,1,0,13.508,164.077,183.373,21,0,2,1,1,0,3,1,1,7.11,116.036,149.679,16,0,1,1,1,2,1,2,1,9.527,103.373,131.597,12,3,1,3,1,0,0,0,0,8.258,131,150.657,19,1,1,1,2,1,1,1,0,15.265,114.12,127.041,13,0,1,0,1,2,3,0,1,19,12,8,16,8,12.6,8.581,44.5,46.19,6,3,2,1,2,3,1,2,2,2,17.885,73.533,74.495,8,,2,,5,11,0
17-11-20 2:35,17-11-20 3:22,IP Address,82.32.182.117,100,2830,TRUE,17-11-20 3:22,R_3I4SQpURRXcKwOB,,,,,51.47669983,-2.5572052,anonymous,EN,0.9,s,12.305,12.305,16.161,1,"Yes, I understand the explanatory statement and agree to participate in this study.",Yes,5f84727e4235a10c9117b7a2,Female,,32,4.131,6.771,11.785,2,0,0,124.89,0,0,0,106.326,0,0,0,110.022,0,15.833,77.681,99.242,15,0,1,2,1,0,1,0,0,68.801,78.191,99.406,3,0,2,0,2,0,0,0,1,23.479,59.183,67.715,3,1,0,0,0,2,0,2,0,5.594,84.906,102.949,32,0,0,2,1,1,0,2,0,e,4.927,4.927,9.038,1,0,0,61.801,0,6.284,140.565,148.979,19,2,0,0,1,1,3,1,0,7.597,136.861,145.637,16,0,4,3,0,0,0,0,1,15.965,199.397,203.706,27,1,1,1,1,2,2,0,0,4.844,162.269,194.864,36,0,0,0,0,2,4,2,0,13.266,153.082,166.895,22,2,0,2,1,1,1,1,0,6.471,126.927,165.622,8,0,0,0,0,0,2,1,1,5.916,144.917,159.825,14,0,2,0,1,1,1,2,0,7.365,139.237,149.156,29,2,1,2,1,0,0,0,1,10.036,161.068,184.112,12,1,1,1,1,0,1,0,1,16.126,65.4,76.34,8,0,0,1,0,1,0,0,0,21,12,12,21,13,15.8,6.801,53.017,54.887,6,2,1,1,2,2,1,3,2,1.75,9.873,64.769,66.105,9,,2,,5,11,0
17-11-20 2:39,17-11-20 3:23,IP Address,94.7.145.169,100,2649,TRUE,17-11-20 3:24,R_3j1heDXr7UBtIxY,,,,,55.76260376,-4.183105469,anonymous,EN,0.9,s,7.27,7.27,10.97,1,"Yes, I understand the explanatory statement and agree to participate in this study.",Yes,5fb18038f910c965cb694ba2,Male,,19,6.333,7.83,15.558,2,0,0,220.107,0,0,0,44.39,0,0,0,28.381,0,10.648,43.654,48.848,9,0,1,0,1,0,2,0,1,2.373,53.27,61.933,13,0,1,1,1,0,0,0,2,9.007,26.643,38.158,8,1,0,0,0,2,0,2,0,16.903,39.578,42.455,13,1,1,1,0,1,0,1,0,e,2.395,2.395,6.762,1,0,0,21.864,0,4.047,88.12,96.859,18,1,0,0,1,2,3,1,1,6.378,206.46,208.909,53,1,4,1,0,0,0,1,2,5.121,177.935,179.379,21,0,1,0,1,2,3,1,1,5.139,142.541,147.85,64,0,0,0,1,2,4,2,0,4.56,131.471,162.061,19,2,1,2,1,1,1,1,0,3.604,184.315,185.904,88,0,2,1,1,0,3,1,1,13.686,158.542,161.65,31,0,1,1,1,2,1,2,1,3.177,90.306,93.429,22,3,2,3,1,0,0,0,0,6.351,137.179,146.309,15,1,1,1,2,1,1,1,0,4.578,153.271,155.197,44,0,1,0,2,2,3,0,1,17,12,4,18,5,11.2,15.655,57.956,59.403,8,2,4,1,1,5,2,2,2,2.375,20.587,91.19,92.003,9,,2,,5,11,0
17-11-20 2:45,17-11-20 3:27,IP Address,94.4.219.19,100,2493,TRUE,17-11-20 3:27,R_1E03fpPTCPVe6LT,,,,,52.68060303,0.884796143,anonymous,EN,0.9,s,3.793,3.793,12.033,1,"Yes, I understand the explanatory statement and agree to participate in this study.",Yes,5ed9f7644268815ab105f017,Female,,32,2.374,3.575,8.089,2,0,0,83.288,0,0,0,156.134,0,0,0,114.902,0,53.136,133.799,136.56,9,1,1,0,1,0,2,1,1,16.538,53.551,57.04,4,0,1,1,1,0,0,0,2,9.941,36.752,49.518,3,1,0,0,0,2,0,2,0,14.1,36.609,43.258,5,1,1,1,0,1,0,1,0,e,4.573,4.573,9.194,1,0,0,23.895,0,13.608,123.897,126.54,6,1,0,0,1,2,3,1,1,38.957,151.344,160.467,5,1,4,1,0,0,0,1,2,50.742,129.736,149.439,6,0,1,0,1,2,3,1,0,43.565,63.437,68.996,3,0,0,0,0,2,4,2,0,27.148,118.953,156.683,6,2,1,2,1,1,0,1,0,53.567,149.743,152.087,6,0,2,1,1,0,3,1,1,69.015,203.637,219.836,8,0,0,2,1,2,1,2,0,17.926,90.021,203.8,5,3,1,3,1,0,0,0,0,21.357,129.994,132.915,6,1,0,0,2,1,1,1,1,45.757,185.413,193.631,7,0,1,0,2,2,3,0,1,21,15,17,21,15,17.8,3.394,20.802,22.201,5,2,2,2,1,1,1,2,1,1.5,4.448,37.347,38.72,8,,2,,5,11,0
17-11-20 4:15,17-11-20 4:45,IP Address,82.25.228.149,100,1793,TRUE,17-11-20 4:45,R_2xPGxAJvM93mtqj,,,,,50.37150574,-4.143005371,anonymous,EN,0.9,s,3.331,3.331,5.984,1,"Yes, I understand the explanatory statement and agree to participate in this study.",Yes,5961076cee166f00019591bf,Male,,23,1.323,1.979,4.744,2,0,0,45.304,0,0,0,38.329,0,0,0,33.974,0,2.12,12.946,17.323,14,0,1,0,1,0,2,0,1,11.381,54.884,70.868,16,0,1,1,2,0,0,0,1,1.438,38.401,40.333,24,1,0,0,0,2,0,2,0,2.814,16.089,20.488,17,1,1,1,0,1,0,1,0,e,2.565,2.565,5.754,1,0,0,8.359,0,4.219,102.388,154.158,30,1,0,0,1,2,3,1,1,5.831,63.287,119.809,29,1,4,1,0,0,0,1,2,4.278,45.718,115.75,31,0,1,0,1,2,3,1,1,3.314,93.104,101.193,36,0,0,0,1,2,4,2,0,3.785,49.215,101.414,30,2,1,2,1,1,1,1,0,7.476,79.03,190.135,27,0,2,1,1,0,3,1,1,2.334,38.017,110.171,27,0,1,1,1,2,1,2,1,5.89,82.621,121.217,27,3,2,3,1,0,0,0,0,2.304,73.878,106.225,27,1,1,1,2,1,1,1,1,6.678,45.628,87.857,27,0,1,0,2,2,3,0,1,7,5,4,18,5,7.8,6.233,20.525,22.275,7,2,4,1,1,3,1,2,2,2,4.021,30.463,31.512,13,,2,,5,11,0
17-11-20 8:11,17-11-20 8:45,IP Address,217.39.72.179,100,2052,TRUE,17-11-20 8:45,R_WlpI9cmkv24nPLX,,,,,50.73739624,-3.470794678,anonymous,EN,0.9,s,4.626,4.626,7.874,1,"Yes, I understand the explanatory statement and agree to participate in this study.",Yes,5f10499e5449022bc17acad2,Female,,21,2.337,6.246,6.87,4,0,0,61.204,0,0,0,33.601,0,0,0,30.6,0,1.957,18.931,21.666,9,0,1,0,1,0,2,0,1,3.477,32.236,35.04,9,0,1,1,1,0,0,0,2,9.598,40.542,42.4,8,1,0,0,0,2,0,2,0,11.403,36.602,38.333,10,1,1,1,0,1,0,1,0,e,2.485,2.485,4.798,1,0,0,17.25,0,2.938,92.926,95.469,27,1,0,0,1,2,3,1,0,8.216,131.274,140.822,51,1,4,1,0,0,0,1,2,2.979,132.334,155.855,30,0,1,0,1,2,3,1,1,3.546,83.431,102.445,22,0,0,0,1,2,4,2,0,4.432,106.667,126.431,31,2,1,1,1,1,1,1,0,5.115,140.901,229.604,51,0,3,1,0,0,3,1,1,3.914,130.504,144.7,26,0,1,1,1,2,1,2,1,5.414,93.523,117.101,30,3,1,3,1,0,0,0,0,26.697,186.638,205.093,33,1,1,1,2,1,1,1,1,3.775,197.003,200.1,47,0,1,0,2,2,3,0,1,13,3,7,15,3,8.2,9.169,28.287,29.68,6,2,3,2,1,5,2,1,2,2.25,4.64,92.474,93.382,9,,2,,5,11,0
