StartDate,EndDate,Status,IPAddress,Progress,Duration (in seconds),Finished,RecordedDate,ResponseId,RecipientLastName,RecipientFirstName,RecipientEmail,ExternalReference,LocationLatitude,LocationLongitude,DistributionChannel,UserLanguage,Q_RecaptchaScore,bot_1_1,bot_1_time_First Click,bot_1_time_Last Click,bot_1_time_Page Submit,bot_1_time_Click Count,consent1,consent2,Prolific_ver,gender,gender_9_TEXT,nativeness,pre_time_First Click,pre_time_Last Click,pre_time_Page Submit,pre_time_Click Count,Task_Desc_time_First Click,Task_Desc_time_Last Click,Task_Desc_time_Page Submit,Task_Desc_time_Click Count,comp_assi_time_First Click,comp_assi_time_Last Click,comp_assi_time_Page Submit,comp_assi_time_Click Count,GE_Comp_Assi_time_First Click,GE_Comp_Assi_time_Last Click,GE_Comp_Assi_time_Page Submit,GE_Comp_Assi_time_Click Count,task_intro_time_First Click,task_intro_time_Last Click,task_intro_time_Page Submit,task_intro_time_Click Count,bot_1_2,bot_2_time_First Click,bot_2_time_Last Click,bot_2_time_Page Submit,bot_2_time_Click Count,Training_C35_Q1_time_First Click,Training_C35_Q1_time_Last Click,Training_C35_Q1_time_Page Submit,Training_C35_Q1_time_Click Count,Training_C35_Q1_tabl_1_1,Training_C35_Q1_tabl_1_2,Training_C35_Q1_tabl_1_3,Training_C35_Q1_tabl_1_4,Training_C35_Q1_tabl_1_5,Training_C35_Q1_tabl_1_6,Training_C35_Q1_tabl_1_7,Training_C35_Q1_tabl_1_8,Training_C35_Q2_time_First Click,Training_C35_Q2_time_Last Click,Training_C35_Q2_time_Page Submit,Training_C35_Q2_time_Click Count,Training_C35_Q2_map_420,Training_C35_Q2_tabl_1_1,Training_C35_Q2_tabl_1_2,Training_C35_Q2_tabl_1_3,Training_C35_Q2_tabl_1_4,Training_C35_Q2_tabl_1_5,Training_C35_Q2_tabl_1_6,Training_C35_Q2_tabl_1_7,Training_C35_Q2_tabl_1_8,Training_C35_Q3_time_First Click,Training_C35_Q3_time_Last Click,Training_C35_Q3_time_Page Submit,Training_C35_Q3_time_Click Count,Training_C35_Q3_tabl_1_1,Training_C35_Q3_tabl_1_2,Training_C35_Q3_tabl_1_3,Training_C35_Q3_tabl_1_4,Training_C35_Q3_tabl_1_5,Training_C35_Q3_tabl_1_6,Training_C35_Q3_tabl_1_7,Training_C35_Q3_tabl_1_8,Training_C35_Q4_time_First Click,Training_C35_Q4_time_Last Click,Training_C35_Q4_time_Page Submit,Training_C35_Q4_time_Click Count,Training_C35_Q4_tabl_1_1,Training_C35_Q4_tabl_1_2,Training_C35_Q4_tabl_1_3,Training_C35_Q4_tabl_1_4,Training_C35_Q4_tabl_1_5,Training_C35_Q4_tabl_1_6,Training_C35_Q4_tabl_1_7,Training_C35_Q4_tabl_1_8,game_intro_time_First Click,game_intro_time_Last Click,game_intro_time_Page Submit,game_intro_time_Click Count,Game_C35_Q1_time_First Click,Game_C35_Q1_time_Last Click,Game_C35_Q1_time_Page Submit,Game_C35_Q1_time_Click Count,Game_C35_Q1_table_1_1,Game_C35_Q1_table_1_2,Game_C35_Q1_table_1_3,Game_C35_Q1_table_1_4,Game_C35_Q1_table_1_5,Game_C35_Q1_table_1_6,Game_C35_Q1_table_1_7,Game_C35_Q1_table_1_8,Game_C35_Q2_time_First Click,Game_C35_Q2_time_Last Click,Game_C35_Q2_time_Page Submit,Game_C35_Q2_time_Click Count,Game_C35_Q2_table_1_1,Game_C35_Q2_table_1_2,Game_C35_Q2_table_1_3,Game_C35_Q2_table_1_4,Game_C35_Q2_table_1_5,Game_C35_Q2_table_1_6,Game_C35_Q2_table_1_7,Game_C35_Q2_table_1_8,Game_C35_Q3_time_First Click,Game_C35_Q3_time_Last Click,Game_C35_Q3_time_Page Submit,Game_C35_Q3_time_Click Count,Game_C35_Q3_table_1_1,Game_C35_Q3_table_1_2,Game_C35_Q3_table_1_3,Game_C35_Q3_table_1_4,Game_C35_Q3_table_1_5,Game_C35_Q3_table_1_6,Game_C35_Q3_table_1_7,Game_C35_Q3_table_1_8,Game_C35_Q4_time_First Click,Game_C35_Q4_time_Last Click,Game_C35_Q4_time_Page Submit,Game_C35_Q4_time_Click Count,Game_C35_Q4_table_1_1,Game_C35_Q4_table_1_2,Game_C35_Q4_table_1_3,Game_C35_Q4_table_1_4,Game_C35_Q4_table_1_5,Game_C35_Q4_table_1_6,Game_C35_Q4_table_1_7,Game_C35_Q4_table_1_8,Game_C35_Q5_time_First Click,Game_C35_Q5_time_Last Click,Game_C35_Q5_time_Page Submit,Game_C35_Q5_time_Click Count,Game_C35_Q5_table_1_1,Game_C35_Q5_table_1_2,Game_C35_Q5_table_1_3,Game_C35_Q5_table_1_4,Game_C35_Q5_table_1_5,Game_C35_Q5_table_1_6,Game_C35_Q5_table_1_7,Game_C35_Q5_table_1_8,Game_C35_Q6_time_First Click,Game_C35_Q6_time_Last Click,Game_C35_Q6_time_Page Submit,Game_C35_Q6_time_Click Count,Game_C35_Q6_table_1_1,Game_C35_Q6_table_1_2,Game_C35_Q6_table_1_3,Game_C35_Q6_table_1_4,Game_C35_Q6_table_1_5,Game_C35_Q6_table_1_6,Game_C35_Q6_table_1_7,Game_C35_Q6_table_1_8,Game_C35_Q7_time_First Click,Game_C35_Q7_time_Last Click,Game_C35_Q7_time_Page Submit,Game_C35_Q7_time_Click Count,Game_C35_Q7_table_1_1,Game_C35_Q7_table_1_2,Game_C35_Q7_table_1_3,Game_C35_Q7_table_1_4,Game_C35_Q7_table_1_5,Game_C35_Q7_table_1_6,Game_C35_Q7_table_1_7,Game_C35_Q7_table_1_8,Game_C35_Q8_time_First Click,Game_C35_Q8_time_Last Click,Game_C35_Q8_time_Page Submit,Game_C35_Q8_time_Click Count,Game_C35_Q8_table_1_1,Game_C35_Q8_table_1_2,Game_C35_Q8_table_1_3,Game_C35_Q8_table_1_4,Game_C35_Q8_table_1_5,Game_C35_Q8_table_1_6,Game_C35_Q8_table_1_7,Game_C35_Q8_table_1_8,Game_C35_Q9_time_First Click,Game_C35_Q9_time_Last Click,Game_C35_Q9_time_Page Submit,Game_C35_Q9_time_Click Count,Game_C35_Q9_table_1_1,Game_C35_Q9_table_1_2,Game_C35_Q9_table_1_3,Game_C35_Q9_table_1_4,Game_C35_Q9_table_1_5,Game_C35_Q9_table_1_6,Game_C35_Q9_table_1_7,Game_C35_Q9_table_1_8,Cohort35_Q10_time_First Click,Cohort35_Q10_time_Last Click,Cohort35_Q10_time_Page Submit,Cohort35_Q10_time_Click Count,Cohort35_Q10_table_1_1,Cohort35_Q10_table_1_2,Cohort35_Q10_table_1_3,Cohort35_Q10_table_1_4,Cohort35_Q10_table_1_5,Cohort35_Q10_table_1_6,Cohort35_Q10_table_1_7,Cohort35_Q10_table_1_8,task_load_1_1,task_load_2_1,task_load_3_1,task_load_4_1,task_load_5_1,avg_task_load,task_load_time_First Click,task_load_time_Last Click,task_load_time_Page Submit,task_load_time_Click Count,trust_1_1,trust_2_1,trust_3_1,trust_4_1,trust_5_1,trust_6_1,trust_7_1,trust_8_1,avg_trust,trust_time_First Click,trust_time_Last Click,trust_time_Page Submit,trust_time_Click Count,explanation_ques_1_1,explanation_ques_2_1,explanation_ques_3_1,explanation_ques_4_1,explanation_ques_5_1,explanation_ques_6_1,explanation_ques_7_1,explanation_ques_8_1,avg_explanation,explanation_time_First Click,explanation_time_Last Click,explanation_time_Page Submit,explanation_time_Click Count,PROLIFIC_PID,cohort_num,DeviceIdentifier,training_counter,game_counter
27-09-20 22:00,27-09-20 22:20,IP Address,109.50.204.61,100,1196,TRUE,27-09-20 22:20,R_1InmK7CryFeF6Xv,,,,,41.6473999,-8.700698853,anonymous,EN,0.9,s,3.838,3.838,6.342,1,"Yes, I understand the explanatory statement and agree to participate in this study.",Yes,5ed13665155bb605de4ab8c1,Female,,23,2.4,2.94,5.242,2,0,0,133.214,0,49.14,53.247,60.279,6,46,46,76.675,1,0,0,19.231,0,e,3.6,3.6,7.421,1,18.498,28.894,32.349,4,0,1,0,1,0,2,0,1,27.556,48.356,52.54,5,Neutral,0,1,1,1,0,0,0,2,19.887,26.105,30.41,3,1,0,0,0,2,0,2,0,13.853,27.469,35.101,5,1,1,1,0,1,0,1,0,0,0,15.047,0,11.552,30.875,34.428,10,1,0,0,0,2,3,1,0,5.656,49.004,50.734,15,0,0,1,0,0,0,6,2,6.758,31.656,33.032,14,0,1,0,1,2,3,1,1,3.269,35.84,37.098,14,0,0,0,1,2,4,2,0,17.535,63.562,68.957,13,2,1,2,1,1,1,1,0,3.41,24.908,36.258,11,0,2,0,0,0,3,1,1,4.99,97.093,98.359,19,0,1,1,2,1,1,2,0,6.187,31.259,35.308,9,3,2,1,0,0,0,0,0,15.047,56.541,57.584,14,1,1,0,2,1,1,1,1,3.677,34.021,36.868,14,0,1,0,2,2,3,0,1,15,10,5,14,10,10.8,9.007,26.182,27.533,5,3,3,1,2,2,2,3,3,2.375,9.66,46.918,47.566,10,5,5,5,5,5,5,5,5,5,8.461,31.299,31.925,8,,5,,5,11
27-09-20 22:00,27-09-20 22:23,IP Address,83.23.42.177,100,1359,TRUE,27-09-20 22:23,R_2TmDmn9fdoN3AzT,,,,,53.12159729,18.01159668,anonymous,EN,0.9,s,2.522,2.522,10.427,1,"Yes, I understand the explanatory statement and agree to participate in this study.",Yes,5efdf3f5ce481828f9bb33a3,Non-binary,,18,2.617,42.95,46.328,2,0,0,35.869,0,0,0,49.367,0,0,0,80.915,0,0,0,62.445,0,e,2.089,3.421,5.568,3,10.518,44.81,73.902,14,0,1,0,1,0,2,0,0,5.525,32.851,47.166,12,Neutral,0,1,1,2,0,0,0,1,1.297,26.129,28.628,12,1,0,0,0,2,0,2,0,1.414,36.566,42.88,11,1,1,1,0,1,0,1,0,0,0,2.482,0,6.406,37.11,41.679,21,1,0,0,1,2,2,1,0,4.441,32.756,40.346,12,0,0,4,0,0,0,2,2,54.205,77.378,80.353,11,0,0,0,1,2,3,1,0,1.7,33.842,38.536,23,0,0,0,1,2,4,2,0,94.793,123.745,126.397,17,2,1,2,0,1,1,1,1,20.784,71.963,79.242,26,0,2,1,0,0,3,1,1,7.663,58.266,64.702,22,0,1,1,1,1,1,2,1,4.423,31.111,37.387,10,3,2,2,0,0,0,0,0,26.145,96.17,96.929,20,1,1,1,2,1,1,1,1,5.273,31.091,33.649,26,0,1,0,2,2,3,0,1,12,14,8,9,18,12.2,6.459,26.051,26.872,6,3,2,2,3,3,4,2,3,2.75,23.577,73.056,73.714,8,4,3,3,2,2,4,3,3,3,6.795,42.354,42.746,9,,5,,5,11
27-09-20 22:01,27-09-20 22:23,IP Address,84.52.156.65,100,1352,TRUE,27-09-20 22:23,R_W7Zd9FYdKlmIELf,,,,,46.37120056,15.03450012,anonymous,EN,0.9,s,42.539,42.539,45.042,1,"Yes, I understand the explanatory statement and agree to participate in this study.",Yes,5b01647dc66dc6000197d6ea,Female,,26,8.392,10.947,14.494,2,2.125,2.125,101.116,1,0,0,29.525,0,0,0,87.904,0,0,0,15.276,0,e,4.958,4.958,5.904,1,23.605,47.248,49.826,6,0,1,0,1,0,2,0,1,17.015,43.736,45.316,6,Neutral,0,1,1,1,0,0,0,2,31.752,66.617,71.886,6,1,0,0,0,2,0,2,0,23.13,52.166,62.118,9,1,1,1,0,1,0,1,0,0,0,15.027,0,7.714,47.499,51.53,10,1,0,0,1,2,3,1,0,6.765,28.443,30.085,7,0,4,1,0,0,0,0,1,2.642,53.839,55.345,19,0,1,0,1,1,3,1,1,20.225,34.412,40.566,7,0,0,0,1,2,4,2,0,16.354,80.309,82.108,14,2,1,2,1,1,1,1,0,6.368,50.966,52.471,11,0,2,1,0,0,3,0,1,2.459,59.834,61.286,13,0,1,1,1,1,1,2,1,1.395,51.15,56.548,14,3,2,1,0,0,0,2,0,4.655,79.101,81.367,19,0,1,1,1,0,1,2,0,4.551,47.73,51.507,10,0,1,0,2,1,3,0,1,18,7,1,21,10,11.4,5.896,23.557,24.826,6,3,3,2,2,5,1,2,4,2.75,7.429,28.397,28.956,9,5,5,4,4,5,5,3,5,4.5,12.37,60.779,61.688,12,,5,,5,11
27-09-20 22:00,27-09-20 22:25,IP Address,109.116.70.87,100,1469,TRUE,27-09-20 22:25,R_BwVWVW6hiXkQJXP,,,,,38.13209534,13.33560181,anonymous,EN,0.9,s,13.657,13.898,276.461,2,"Yes, I understand the explanatory statement and agree to participate in this study.",Yes,5e3f867091be661d53bd43df,Male,,19,2.352,2.987,5.508,2,11.173,11.173,57.877,1,0,0,25.926,0,2.778,65.324,65.647,3,0,0,20.818,0,e,2.306,2.306,4.072,1,5.87,11.666,32.999,8,0,1,0,1,0,2,0,1,6.997,11.592,29.592,9,Neutral,0,1,1,1,0,0,0,2,21.922,30.666,50.25,5,1,0,0,0,2,0,2,0,7.048,18.329,36.129,10,1,1,1,0,1,0,1,0,0,0,9.256,0,8.599,69.878,76.048,31,1,0,0,1,2,2,1,1,5.013,36.091,37.08,17,0,4,1,0,0,0,2,2,6.96,21.166,32.685,16,0,1,0,1,2,3,1,1,4.317,23.087,44.095,17,0,0,0,1,2,4,2,0,18.798,98.541,105.15,33,2,1,2,1,1,1,1,0,3.369,43.935,57.923,26,0,1,1,1,0,3,1,1,5.427,77.403,87.565,51,0,1,1,1,2,1,2,1,15.366,69.272,69.975,10,1,2,1,1,0,0,2,0,6.632,97.606,98.669,17,0,1,1,1,1,1,2,1,7.99,35.613,62.141,11,0,1,0,2,1,3,0,1,15,1,5,21,7,9.8,6.74,22.89,23.726,5,2,3,1,1,4,2,1,3,2.125,5.056,28.926,29.564,8,5,3,5,5,5,5,5,1,4.25,0.945,23.034,24.224,9,,5,,5,11
27-09-20 22:02,27-09-20 22:26,IP Address,212.225.225.186,100,1433,TRUE,27-09-20 22:26,R_eY6DhnsekKOgiCl,,,,,36.72019958,-4.420303345,anonymous,EN,0.9,s,2.333,2.333,6.511,1,"Yes, I understand the explanatory statement and agree to participate in this study.",Yes,5b152b1df796df0001d0e81a,Female,,31,1.897,3.081,23.066,2,19.315,64.315,356.099,5,0,0,33.414,0,0,0,59.363,0,12.667,28.327,29.945,3,e,6.586,6.586,10.017,1,13.048,47.769,59.056,4,0,1,0,1,0,2,0,1,15.177,40.357,49.645,5,Neutral,0,1,1,1,0,0,0,2,28.678,52.429,75.593,5,1,0,0,0,2,0,2,0,11.307,33.605,47.767,5,1,1,1,0,1,0,1,0,0,0,5.63,0,8.374,42.767,44.671,7,1,0,0,0,1,2,1,0,8.9,21.241,23.189,3,0,4,1,0,0,0,0,2,7.181,28.44,35.6,5,0,0,0,1,2,3,1,1,11.332,39.126,41.653,6,0,0,0,1,2,4,2,0,22.475,41.746,43.337,4,0,0,2,1,0,1,3,0,16.812,48.859,67.817,5,0,2,1,0,0,2,0,1,19.303,55.627,57.571,5,0,0,1,0,1,1,2,0,11.457,21.82,30.344,3,2,2,1,0,0,0,0,0,13.078,53.999,100.241,5,0,1,0,1,1,1,1,0,8.628,59.869,64.133,4,0,1,0,2,0,3,0,1,18,13,6,16,18,14.2,4.26,19.719,20.736,6,3,3,4,2,2,3,1,2,2.5,4.695,28.148,29.261,9,4,4,3,3,4,3,3,2,3.25,3.259,22.576,23.826,10,,5,,5,11
27-09-20 22:01,27-09-20 22:29,IP Address,79.71.139.212,100,1702,TRUE,27-09-20 22:29,R_2BA1DYPZ2aLg7PG,,,,,53.47019958,-2.230499268,anonymous,EN,0.9,s,9.605,9.605,12.924,1,"Yes, I understand the explanatory statement and agree to participate in this study.",Yes,5e8654505276a10fe5e2633b,Female,,28,2.536,3.531,7.862,2,0,0,84.014,0,0,0,28.764,0,0,0,48.437,0,0,0,18.018,0,e,1.714,1.714,5.47,1,9.113,15.172,18.595,6,0,1,0,1,0,2,0,0,31.991,47.648,49.092,6,Neutral,0,1,1,1,0,0,0,2,15.09,51.628,56.767,6,1,0,0,0,2,0,2,0,9.437,26.047,31.623,5,1,1,1,0,1,0,1,0,0,0,6.375,0,12.718,23.612,40.972,9,1,0,0,0,2,3,1,0,15.015,63.186,74.778,9,0,4,1,0,0,0,0,1,28.373,52.094,69.374,14,0,1,0,1,2,3,1,1,16.632,56.126,84.56,14,0,0,0,1,2,4,2,0,23.234,87.599,117.951,23,1,1,2,1,1,1,2,0,28.171,55.179,101.056,11,0,2,1,0,0,3,1,1,29.989,75.363,81.551,19,0,1,1,1,2,1,2,1,41.061,151.215,152.563,14,2,2,1,0,0,0,1,0,23.816,150.791,165.486,18,0,1,1,2,1,1,2,1,16.579,138.107,142.227,31,0,1,0,2,2,3,0,1,16,7,5,15,6,9.8,20.916,36.972,38.359,5,2,2,2,2,2,4,2,2,2.25,5.856,27.558,28.828,8,4,2,2,3,2,2,2,4,2.625,4.37,32.869,34.172,9,,5,,5,11
27-09-20 22:01,27-09-20 22:30,IP Address,80.70.18.205,100,1750,TRUE,27-09-20 22:30,R_1gFHgKbbkrHSLY0,,,,,56.96670532,21.98330688,anonymous,EN,0.9,s,6.77,6.77,9.892,1,"Yes, I understand the explanatory statement and agree to participate in this study.",Yes,5f1592e40e065a0563e69b6c,Female,,27,6.455,7.895,11.406,2,0,0,70.402,0,0,0,34.702,0,0,0,31.979,0,0,0,23.767,0,e,2.686,2.686,8.028,1,47.313,97.388,110.918,8,0,1,0,1,0,2,0,1,14.245,29.625,42.231,4,Neutral,0,1,1,1,0,0,0,2,16.723,33.593,43.496,3,1,0,0,0,2,0,2,0,15.914,34.348,64.25,5,1,1,1,0,1,0,1,0,0,0,29.978,0,11.251,24.546,45.79,4,1,0,0,0,2,3,1,0,28.724,83.832,103.776,3,0,4,1,0,0,0,0,1,6.681,45.448,47.719,7,0,1,0,1,2,3,1,1,15.433,44.863,87.863,4,0,0,0,1,2,4,2,0,15.813,113.678,168.647,8,2,0,2,1,1,1,1,0,7.658,44.686,88.588,6,0,2,1,0,0,3,1,1,14.774,94.889,102.584,6,0,0,2,1,2,1,2,1,18.132,48.018,67.198,4,1,1,1,0,0,0,2,0,14.173,103.914,110.862,9,0,0,0,1,1,1,2,0,23.904,102.057,112.664,5,0,1,0,2,1,2,0,1,20,1,7,12,10,10,6.79,48.911,49.753,7,3,4,3,3,5,2,2,1,2.875,10.802,61.341,64.096,10,4,2,2,2,3,4,4,4,3.125,13.548,103.086,104.199,14,,5,,5,11
27-09-20 22:01,27-09-20 22:35,IP Address,31.164.254.143,100,2027,TRUE,27-09-20 22:35,R_1rko8JcpFIZMe4g,,,,,46.20219421,6.145706177,anonymous,EN,0.7,s,17.958,20.865,23.079,3,"Yes, I understand the explanatory statement and agree to participate in this study.",Yes,5ea9655dec2b5304a2aad732,Male,,24,2.108,2.967,4.976,2,9.419,59.059,91.093,5,2.91,6.458,71.5,4,3.887,128.18,140.134,22,6.345,11.051,30.342,4,e,2.246,2.246,5.169,1,4.405,29.497,52.725,8,0,1,0,1,0,2,0,1,3.363,13.478,44.289,6,Neutral,0,1,1,1,0,0,0,2,10.534,23.823,36.007,7,1,0,0,0,2,0,2,0,16.706,87.904,92.987,16,1,1,1,0,1,0,1,0,5.931,6.076,8.008,2,11.072,69.841,84.364,11,1,0,0,1,2,3,1,0,7.02,81.34,82.492,9,2,4,1,0,0,0,0,2,6.99,82.374,162.158,21,0,1,0,1,2,3,1,1,17.173,63.522,80.685,36,0,0,0,1,2,4,2,0,4.196,103.342,125.549,27,2,1,2,1,1,1,1,0,3.579,105.87,114.027,17,0,2,1,1,0,3,1,1,13.928,119.577,135.744,28,0,1,1,1,2,1,2,1,36.501,167.845,168.955,18,3,2,3,1,0,0,0,0,13.994,110.009,110.324,23,1,1,0,2,1,1,1,1,7.125,89.18,91.81,16,0,1,0,2,2,3,0,1,17,4,4,20,8,10.6,3.084,21.416,23.203,12,4,4,2,2,5,3,4,5,3.625,4.6,48.268,49.21,11,5,5,5,5,5,5,5,5,5,2.918,35.183,38.086,10,,5,,5,11
27-09-20 22:20,27-09-20 22:39,IP Address,46.254.77.175,100,1164,TRUE,27-09-20 22:39,R_3MlNWgX0td0XO6L,,,,,52.76469421,23.19000244,anonymous,EN,0.9,s,12.883,12.883,16.24,1,"Yes, I understand the explanatory statement and agree to participate in this study.",Yes,5f3cf75f2982e903fb34b9f6,Female,,20,2.794,4.316,8.011,2,0,0,56.199,0,0,0,27.484,0,0,0,24.502,0,0,0,14.587,0,e,1.803,1.803,4.291,1,5.718,13.206,14.66,3,0,1,0,1,0,2,0,0,24.554,51.982,55.51,10,Neutral,0,1,1,1,0,0,0,2,8.217,27.497,36.225,3,1,0,0,0,2,0,2,0,12.766,31.117,34.568,5,1,1,1,0,1,0,1,0,0,0,14.926,0,14.046,34.634,44.634,7,1,0,0,0,2,2,1,0,9.741,32.756,36.13,5,0,4,1,0,0,0,0,2,8.518,34.841,38.197,6,0,1,0,1,2,3,1,1,6.667,18.678,22.287,4,0,0,0,1,2,4,2,0,8.097,99.912,101.269,8,1,1,2,1,1,1,2,0,8.756,41.209,57.186,5,0,2,1,0,0,3,1,1,34.566,72.94,76.683,11,0,0,1,1,2,1,2,1,15.248,51.781,61.529,4,3,2,1,1,0,0,0,0,15.452,50.655,54.144,6,0,1,0,2,1,1,2,0,6.329,42.94,53.596,7,0,1,0,2,2,3,0,1,6,11,5,8,5,7,4.402,26.792,28.33,6,4,4,3,4,5,3,1,4,3.5,4.75,32.36,33.445,9,5,4,4,4,4,4,5,5,4.375,3.973,25.59,26.532,8,,5,,5,11
27-09-20 22:01,27-09-20 22:49,IP Address,204.83.70.130,100,2893,TRUE,27-09-20 22:49,R_5zKzM1DhtwjZcGd,,,,,50.44810486,-104.6126022,anonymous,EN,0.9,s,6.714,6.714,15.055,1,"Yes, I understand the explanatory statement and agree to participate in this study.",Yes,5eb37467d4803616ef0797f4,Male,,19,1.646,2.579,8.066,2,9.642,154.204,154.873,13,3.624,117.585,123.015,12,9.596,294.389,296.951,24,0,0,40.66,0,e,2.199,2.199,5.501,1,4.081,191.798,196.307,29,0,1,0,1,0,2,0,1,2.394,213.624,215.864,74,Neutral,0,1,1,1,0,0,0,2,4.487,173.086,174.82,23,1,0,0,0,2,0,2,0,1.416,183.686,184.659,24,1,1,1,0,1,0,1,0,29.358,29.358,31.699,1,4.216,37.852,44.901,24,1,0,0,0,2,3,1,0,9.267,86.049,94.094,19,0,4,1,0,0,0,1,1,7.069,113.975,117.437,54,0,1,0,1,2,3,0,1,18.56,113.596,115.076,19,0,0,0,0,2,4,2,0,2.2,176.356,176.388,38,1,1,2,1,1,1,2,0,28.62,157.746,159.319,34,0,2,1,0,0,3,1,1,43.984,135.291,136.849,50,0,1,1,1,2,1,2,1,17.579,95.191,95.67,30,0,2,1,0,0,0,0,0,1.104,161.884,164.12,28,0,1,0,1,0,1,2,0,2.066,66.04,67.504,34,0,1,1,1,2,3,0,1,18,11,2,20,17,13.6,3.172,38.16,39.51,18,4,3,2,1,3,2,1,3,2.375,4.107,38.004,38.943,18,4,3,2,2,3,4,4,3,3.125,1.833,58.605,59.484,22,,5,,5,11
03-11-20 21:18,03-11-20 21:29,IP Address,176.254.248.238,100,650,TRUE,03-11-20 21:29,R_2ypzNMI9T854ZXu,,,,,52.39759827,-2.114303589,anonymous,EN,0.9,s,3.166,3.166,6.916,1,"Yes, I understand the explanatory statement and agree to participate in this study.",Yes,5ee8c4c255e8051e08c29861,Male,,25,1.371,2.191,4.65,2,0,0,20.443,0,0,0,8.524,0,0,0,12.291,0,0,0,12.368,0,e,1.908,1.908,4.391,1,3.38,6.106,7.122,3,0,1,0,1,0,2,0,0,6.589,27.512,29.19,12,Neutral,0,1,1,1,0,0,0,1,7.217,8.875,10.042,2,0,0,0,0,2,0,2,0,6.8,15.741,16.54,5,1,1,1,0,1,0,1,0,0,0,1.73,0,5.373,19.171,25.87,5,1,0,0,1,2,3,1,0,9.648,24.405,25.914,4,0,4,1,0,0,0,1,2,4.504,48.483,57.265,7,0,1,1,1,2,3,1,1,7.995,19.495,28.082,5,0,0,0,1,2,4,2,0,7.135,24.544,35.271,6,2,0,2,0,1,1,1,0,14.885,33.3,42.14,4,0,0,0,1,0,3,1,1,8.158,43.236,48.681,13,0,1,1,1,2,1,2,1,9.139,24.939,37.369,5,3,2,3,1,0,0,0,0,4.865,27.56,30.852,6,1,1,1,2,1,1,0,0,9.78,32.573,34.252,6,0,1,0,2,2,3,0,1,13,10,8,12,10,10.6,5.66,16.838,17.498,5,3,3,3,3,3,3,3,3,3,4.21,28.802,29.629,9,3,3,3,3,3,3,3,3,3,4.789,11.883,12.599,8,,5,,5,11
03-11-20 21:24,03-11-20 21:36,IP Address,165.225.80.162,100,704,TRUE,03-11-20 21:36,R_24AGxiTwOkJrlRl,,,,,51.46150208,-0.140899658,anonymous,EN,0.9,s,4.363,4.363,5.734,1,"Yes, I understand the explanatory statement and agree to participate in this study.",Yes,5ed4fa5969acac03603380a0,Female,,33,1.484,2.676,4.062,2,0,0,35.245,0,17.374,17.374,17.884,1,0,0,29.52,0,0,0,20.4,0,e,1.034,1.034,4.56,1,6.961,6.961,11.436,1,0,1,0,1,0,2,0,0,9.484,9.484,16.442,1,Neutral,0,1,1,1,0,0,0,2,25.984,25.984,30.154,1,2,0,0,0,2,0,2,0,16.361,16.361,29.225,1,1,1,1,0,1,0,1,0,0,0,4.507,0,6.162,13.523,15.317,5,1,0,0,0,1,4,1,0,17.928,17.928,23.702,1,0,4,1,0,0,0,1,2,7.121,9.673,21.822,5,0,1,0,1,2,3,1,0,7.982,18.998,20.56,4,0,0,0,1,2,4,2,0,13.491,44.822,45.558,8,0,1,2,0,0,1,3,1,7.011,23.714,24.479,6,0,2,2,1,0,1,1,1,37.806,57.172,57.623,8,0,1,1,1,1,1,2,2,7.403,19.236,20.985,8,3,2,3,1,0,0,0,0,12.848,30.344,31.479,8,1,1,0,2,2,0,1,1,22.714,40.241,40.743,8,0,2,0,2,1,2,0,1,17,3,16,17,17,14,3.333,11.909,12.613,5,2,3,1,1,2,2,3,1,1.875,5.325,20.078,20.743,8,4,3,4,3,4,4,4,3,3.625,14.705,38.257,38.92,10,,5,,5,11
03-11-20 21:19,03-11-20 21:39,IP Address,92.235.20.208,100,1240,TRUE,03-11-20 21:39,R_1PUBeNAAVAyA2MO,,,,,53.33309937,-6.248901367,anonymous,EN,0.9,s,3.781,3.781,9.511,1,"Yes, I understand the explanatory statement and agree to participate in this study.",Yes,5f11a5888f681003ccf1d378,Male,,38,5.177,14.027,15.072,3,5.955,23.858,84.846,7,0,0,67.736,0,3.476,52.767,57.097,7,5.65,16.613,20.642,3,e,1.467,1.467,4.378,1,14.062,27.504,33.801,4,0,1,0,1,0,2,0,1,8.601,70.371,77.6,16,Neutral,0,1,1,1,0,0,0,2,14.449,28.416,29.544,3,1,0,0,0,2,0,2,0,5.594,45.307,49.414,6,1,1,1,0,1,0,1,0,0,0,9.452,0,2.893,34.349,40.425,16,1,0,0,1,2,3,1,0,4.96,29.848,35.961,12,0,4,1,0,0,0,1,2,5.648,67.122,75.082,20,0,1,0,1,2,3,1,1,4.385,27.065,37.582,13,0,0,0,1,2,4,2,0,5.693,47.147,59.983,19,2,0,3,1,1,1,1,0,6.269,47.868,59.813,15,0,2,1,1,0,3,1,1,14.706,59.732,65.342,15,0,1,1,1,1,1,2,1,5.746,31.98,40.031,12,3,2,3,0,0,0,0,0,3.929,28.734,63.424,11,0,1,0,2,0,1,1,1,3.569,42.696,48.726,13,0,1,0,2,1,3,0,1,17,2,6,18,6,9.8,3.264,15.923,17.127,5,3,3,2,2,4,2,3,4,2.875,3.13,28.819,29.619,8,5,5,5,4,4,5,4,4,4.5,3.428,44.92,45.83,20,,5,,5,11
03-11-20 21:21,03-11-20 21:53,IP Address,94.10.159.141,100,1886,TRUE,03-11-20 21:53,R_3dKdYmc00wmFBdP,,,,,53.30220032,-2.231201172,anonymous,EN,0.9,s,3.709,3.709,6.431,1,"Yes, I understand the explanatory statement and agree to participate in this study.",Yes,5eb41fcb3a7a1724207bbfd6,Female,,38,1.941,3.069,5.326,2,0,0,88.712,0,0,0,71.63,0,0,0,77.974,0,0,0,22.991,0,e,2.048,2.048,4.938,1,5.033,31.193,33.492,5,0,1,0,1,0,2,0,1,6.582,108.974,111.571,12,Neutral,0,2,0,1,0,0,0,2,32.237,66.796,76.752,8,1,0,0,0,2,0,2,0,4.343,44.774,84.993,10,1,1,1,0,1,0,1,0,0,0,10.365,0,3.695,104.222,104.587,40,1,0,0,1,2,3,1,0,8.695,49.07,58.762,10,0,4,1,0,0,0,1,2,12.902,112.006,114.666,15,0,1,0,1,2,3,1,1,10.315,71.38,73.951,18,0,0,0,1,2,4,2,0,5.371,77.313,88.71,10,2,1,2,1,1,1,1,0,3.779,58.043,86.922,10,0,2,1,1,0,3,1,1,5.722,180.648,185.341,19,0,1,1,1,2,1,2,1,10.041,94.953,125.627,19,3,2,3,1,0,0,0,0,2.993,108.705,119.786,10,1,1,1,2,1,1,1,1,6.101,92.474,104.577,18,0,1,0,2,2,3,0,1,14,4,5,19,5,9.4,3.1,14.26,15.647,5,4,4,3,4,5,5,4,5,4.25,6.084,30.54,31.71,9,1,2,1,1,5,3,1,4,2.25,2.693,29.428,31.399,8,,5,,5,11
03-11-20 21:23,03-11-20 21:59,IP Address,176.26.71.171,100,2184,TRUE,03-11-20 22:00,R_3GCDS4ScNAjqejb,,,,,51.81300354,0.641494751,anonymous,EN,0.9,S,7.504,7.504,9.721,1,"Yes, I understand the explanatory statement and agree to participate in this study.",Yes,5e17061ce80b8e000b364915,Female,,36,2.167,8.41,9.536,4,10.267,90.27,94.013,14,10.501,37.433,38.719,11,7.925,34.475,35.841,11,6.234,7.745,20.992,2,E,2.535,2.535,5.839,1,3.204,32.432,33.673,7,0,1,0,1,0,2,0,1,2.963,36.002,37.584,7,Neutral,0,1,1,1,0,0,0,2,7.704,42.594,43.741,8,2,0,0,0,2,0,2,0,4.351,42.488,43.886,9,1,1,1,0,1,0,1,0,4.829,4.829,9.87,1,0,0,240.144,0,0,0,0,0,0,0,0,0,5.974,51.733,54.579,12,1,4,1,0,0,0,1,2,3.514,77.736,79.437,17,0,1,0,1,2,3,1,1,0,0,240.025,0,0,0,0,0,0,0,0,0,19.121,107.947,109.292,24,2,1,3,1,1,1,1,0,3.081,131.551,240.093,30,1,2,1,1,0,3,1,1,112.117,115.728,119.642,4,0,0,0,0,0,0,2,0,2.161,65.357,66.526,17,3,2,3,1,0,0,0,0,4.633,118.597,124.391,28,1,1,1,2,1,0,1,1,0,0,240.094,0,0,0,0,0,0,0,0,0,16,14,10,18,10,13.6,4.393,22.047,23.494,9,4,4,3,3,3,2,3,3,3.125,3.339,24.377,25.303,12,4,4,4,4,4,4,4,5,4.125,3.114,25.617,26.801,11,,5,,5,11
03-11-20 21:21,03-11-20 22:00,IP Address,149.241.1.182,100,2329,TRUE,03-11-20 22:00,R_Q3oXdc104OAxiKd,,,,,51.49639893,-0.122406006,anonymous,EN,0.9,s,9.274,9.274,13.122,1,"Yes, I understand the explanatory statement and agree to participate in this study.",Yes,5694de04e0c800000559f70b,Female,,47,2.777,8.049,9.083,3,74.353,74.353,75.636,1,42.947,42.947,50.396,1,33.907,196.572,197.791,2,0,0,34.05,0,e,3.939,3.939,9.202,1,12.178,25.985,26.474,5,0,1,0,1,0,2,0,0,7.292,83.684,85.503,8,Neutral,0,1,1,2,0,0,0,1,3.858,42.098,42.77,7,1,0,0,0,2,0,2,0,10.15,82.986,84.121,10,1,1,1,1,1,0,1,0,3.546,6.867,8.298,2,15.739,98.127,99.263,15,1,0,0,1,2,3,1,1,16.717,90.23,91.414,10,1,4,1,0,0,0,1,2,19.597,87.042,87.929,12,0,1,0,1,2,3,1,1,38.92,87.999,89.317,7,0,0,0,1,2,4,2,0,70.265,203.632,204.383,17,2,2,2,1,1,1,1,0,11.551,213.697,214.464,16,0,2,1,1,0,3,1,1,9.352,186.815,187.38,14,0,1,1,1,2,1,2,1,12.701,84.577,85.042,10,3,2,3,1,0,0,0,0,16.891,177.45,178.03,20,1,1,1,2,1,1,1,1,14.05,109.316,110.314,10,0,1,0,2,2,3,0,1,20,10,16,21,14,16.2,3.928,51.72,54.631,13,4,4,1,2,5,3,4,5,3.5,4.655,49.991,50.715,17,4,4,4,5,5,5,5,4,4.5,4.088,41.961,42.562,17,,5,,5,11
03-11-20 21:21,03-11-20 21:59,IP Address,94.8.81.189,100,2322,TRUE,03-11-20 22:00,R_a8W7SETfUWOtEm5,,,,,51.26679993,0.516799927,anonymous,EN,0.9,s,4.288,8.68,10.908,2,"Yes, I understand the explanatory statement and agree to participate in this study.",Yes,5e72c398c88a68220fb7ba95,Male,,51,3.131,5.123,11.349,2,0,0,173.688,0,0,0,56.946,0,0,0,106.229,0,0,0,19.239,0,e,2.556,2.556,6.636,1,14.383,38.095,68.001,9,0,1,0,1,0,2,0,1,35.157,209.282,215.703,32,Neutral,0,1,1,1,0,0,0,2,7.664,25.04,34.401,8,1,0,0,0,2,0,2,0,12.855,49.903,65.425,10,1,1,1,0,1,0,1,0,0,0,14.957,0,15.7,98.246,111.364,15,1,0,0,1,2,3,1,1,22.287,87.319,104.377,14,1,4,1,0,0,0,1,2,18.002,76.394,94.61,15,0,1,0,1,2,3,1,1,9.396,71.22,83.438,17,0,0,0,1,2,4,2,0,15.223,124.087,143.101,22,2,1,2,1,1,1,1,0,17.18,161.767,165.767,21,0,2,1,1,0,2,1,1,17.817,134.561,137.596,17,0,1,1,0,1,0,2,1,22.82,145.173,147.114,13,3,2,3,1,0,0,0,0,31.232,126.416,129.793,17,1,1,0,2,0,1,1,1,27.261,148.598,149.35,21,0,1,0,1,1,2,0,1,17,12,6,17,5,11.4,10.645,31.933,33.527,6,3,4,2,2,4,2,2,3,2.75,5.969,36.585,37.668,8,4,4,4,3,3,4,4,4,3.75,7.403,40.179,41.292,9,,5,,5,11
03-11-20 21:24,03-11-20 22:02,IP Address,2.28.132.117,100,2283,TRUE,03-11-20 22:02,R_129K6ljFeusENTe,,,,,51.37350464,-2.359405518,anonymous,EN,0.7,s,5.163,5.163,9.338,1,"Yes, I understand the explanatory statement and agree to participate in this study.",Yes,5cdebc5cc07328001a4bfd93,Female,,37,3.545,5.185,8.553,2,0,0,53.546,0,0,0,35.785,0,0,0,30.362,0,0,0,21.966,0,e,2.354,2.354,5.867,1,20.352,47.936,59.979,4,0,1,0,1,0,2,0,1,38.128,92.071,94.373,4,Neutral,0,1,1,2,0,0,0,1,52.834,119.996,129.283,6,1,0,0,0,2,0,2,0,34.005,63.807,67.733,5,1,1,1,0,1,0,1,0,0,0,12.858,0,39.106,132.881,138.374,7,1,0,0,1,2,3,1,1,67.425,106.392,109.469,5,1,4,1,0,0,0,1,2,49.742,126.046,128.884,6,0,1,0,1,2,3,1,1,59.894,108.061,132.694,6,0,0,0,1,2,4,2,0,50.608,154.688,157.78,8,3,1,2,1,1,1,2,0,59.021,143.677,165.174,9,0,2,1,1,0,3,1,1,69.341,193.933,197.602,9,0,1,1,1,1,1,2,2,34.337,94.841,115.379,4,3,2,3,1,0,0,0,0,33.298,158.434,162,8,1,1,1,2,1,1,1,1,53.221,184.134,196.515,8,0,1,0,2,2,3,0,1,15,10,8,14,2,9.8,11.863,31.494,32.557,5,2,2,1,1,2,2,2,1,1.625,9.092,33.596,34.547,8,5,4,4,4,4,4,4,4,4.125,5.161,30.521,32.025,8,,5,,5,11
03-11-20 21:20,03-11-20 22:02,IP Address,176.248.212.70,100,2526,TRUE,03-11-20 22:03,R_57izrU5bCAmj3pf,,,,,51.53370667,-3.272094727,anonymous,EN,0.9,s,7.986,7.986,11.52,1,"Yes, I understand the explanatory statement and agree to participate in this study.",Yes,5ece9e3b3a19db0cf5af6692,Male,,38,2.836,6.867,9.985,3,125.908,125.908,247.984,1,0,0,47.568,0,0,0,97.806,0,0,0,51.074,0,e,4.975,4.975,11.802,1,98.011,134.773,136.422,7,0,1,0,1,0,2,0,0,13.478,64.456,65.886,6,Neutral,0,1,1,1,0,0,0,2,13.268,33.324,34.669,3,1,0,0,0,2,0,2,0,38.054,99.531,100.757,6,1,1,1,0,1,0,1,0,15.659,15.659,17.191,1,17.023,88.02,89.465,16,1,0,0,0,2,3,1,0,15.915,182.746,184.171,25,1,4,1,0,0,0,1,2,18.662,161.379,163.959,13,1,0,1,1,2,3,0,1,12.693,98.398,100.225,20,0,0,0,1,2,4,2,0,7.909,145.248,146.895,26,2,1,2,1,1,1,1,0,21.787,129.128,130.421,29,0,2,1,1,0,3,1,1,13.692,138.132,139.431,32,0,1,1,1,2,1,2,0,32.647,118.342,125.628,20,3,2,3,0,0,0,0,0,11.626,144.537,168.557,31,1,1,0,2,1,1,1,1,3.279,174.181,175.967,32,0,1,0,2,2,3,0,1,18,15,8,18,18,15.4,6.4,42.03,43.73,10,4,4,1,4,4,2,4,4,3.375,4.71,56.389,57.883,13,4,4,4,4,4,4,4,4,4,13.565,47.489,49.336,11,,5,,5,11
03-11-20 21:24,03-11-20 22:09,IP Address,82.13.112.124,100,2743,TRUE,03-11-20 22:10,R_2TGJXfFZeIKI9M8,,,,,51.6000061,-0.166702271,anonymous,EN,0.9,s,18.004,18.004,22.375,1,"Yes, I understand the explanatory statement and agree to participate in this study.",Yes,5ea06e96287a9d024d3fdb5b,Female,,62,4.337,6.057,10.201,2,0,0,88.091,0,0,0,72.953,0,0,0,140.221,0,0,0,46.908,0,e,7.846,7.846,11.52,1,20.111,71.568,82.148,9,0,1,0,1,0,2,0,1,22.546,60.479,74.348,9,Neutral,0,1,1,1,0,0,0,2,13.595,46.372,68.553,8,1,0,0,0,2,0,2,0,38.016,138.331,142.635,10,1,1,1,0,1,0,1,0,0,0,19.541,0,32.236,141.29,146.148,15,1,0,0,1,2,3,1,1,45.381,125.874,132.699,12,0,3,1,0,0,0,1,2,16.862,105.43,124.543,11,0,0,1,1,2,3,0,0,22.508,102.05,124.732,13,0,0,0,1,2,4,2,0,70.089,204.24,211.036,18,2,1,2,1,1,1,1,1,26.232,128.17,177.493,10,0,1,0,1,0,3,1,0,24.773,162.093,167.236,18,0,1,1,1,1,1,2,1,31.884,127.243,137.205,11,2,2,2,1,0,0,0,0,46.393,144.453,162.626,16,1,1,0,2,0,1,1,1,20.429,139.421,144.364,13,0,1,0,1,2,3,0,1,20,14,6,17,2,11.8,13.295,63.596,66.068,5,3,1,3,2,2,3,3,3,2.5,12.365,65.458,67.136,8,3,3,4,3,3,4,3,4,3.375,13.05,85.876,88.234,9,,5,,5,11
